Month,Country,Value
01/01/04,Argentina,0
01/02/04,Argentina,100
01/03/04,Argentina,0
01/04/04,Argentina,0
01/05/04,Argentina,0
01/06/04,Argentina,0
01/07/04,Argentina,0
01/08/04,Argentina,0
01/09/04,Argentina,0
01/10/04,Argentina,0
01/11/04,Argentina,0
01/12/04,Argentina,0
01/01/05,Argentina,0
01/02/05,Argentina,0
01/03/05,Argentina,0
01/04/05,Argentina,0
01/05/05,Argentina,38
01/06/05,Argentina,0
01/07/05,Argentina,0
01/08/05,Argentina,0
01/09/05,Argentina,0
01/10/05,Argentina,0
01/11/05,Argentina,0
01/12/05,Argentina,0
01/01/06,Argentina,33
01/02/06,Argentina,0
01/03/06,Argentina,0
01/04/06,Argentina,0
01/05/06,Argentina,0
01/06/06,Argentina,0
01/07/06,Argentina,0
01/08/06,Argentina,0
01/09/06,Argentina,20
01/10/06,Argentina,0
01/11/06,Argentina,0
01/12/06,Argentina,20
01/01/07,Argentina,0
01/02/07,Argentina,0
01/03/07,Argentina,0
01/04/07,Argentina,15
01/05/07,Argentina,0
01/06/07,Argentina,0
01/07/07,Argentina,12
01/08/07,Argentina,23
01/09/07,Argentina,24
01/10/07,Argentina,11
01/11/07,Argentina,0
01/12/07,Argentina,0
01/01/08,Argentina,0
01/02/08,Argentina,0
01/03/08,Argentina,0
01/04/08,Argentina,0
01/05/08,Argentina,11
01/06/08,Argentina,12
01/07/08,Argentina,0
01/08/08,Argentina,0
01/09/08,Argentina,0
01/10/08,Argentina,0
01/11/08,Argentina,12
01/12/08,Argentina,0
01/01/09,Argentina,0
01/02/09,Argentina,0
01/03/09,Argentina,0
01/04/09,Argentina,0
01/05/09,Argentina,0
01/06/09,Argentina,0
01/07/09,Argentina,9
01/08/09,Argentina,0
01/09/09,Argentina,9
01/10/09,Argentina,0
01/11/09,Argentina,0
01/12/09,Argentina,0
01/01/10,Argentina,0
01/02/10,Argentina,0
01/03/10,Argentina,9
01/04/10,Argentina,0
01/05/10,Argentina,0
01/06/10,Argentina,10
01/07/10,Argentina,0
01/08/10,Argentina,0
01/09/10,Argentina,0
01/10/10,Argentina,9
01/11/10,Argentina,0
01/12/10,Argentina,9
01/01/11,Argentina,4
01/02/11,Argentina,0
01/03/11,Argentina,3
01/04/11,Argentina,0
01/05/11,Argentina,6
01/06/11,Argentina,6
01/07/11,Argentina,3
01/08/11,Argentina,0
01/09/11,Argentina,3
01/10/11,Argentina,5
01/11/11,Argentina,3
01/12/11,Argentina,0
01/01/12,Argentina,3
01/02/12,Argentina,3
01/03/12,Argentina,2
01/04/12,Argentina,0
01/05/12,Argentina,5
01/06/12,Argentina,2
01/07/12,Argentina,0
01/08/12,Argentina,7
01/09/12,Argentina,5
01/10/12,Argentina,0
01/11/12,Argentina,0
01/12/12,Argentina,5
01/01/13,Argentina,2
01/02/13,Argentina,2
01/03/13,Argentina,2
01/04/13,Argentina,6
01/05/13,Argentina,4
01/06/13,Argentina,0
01/07/13,Argentina,0
01/08/13,Argentina,7
01/09/13,Argentina,4
01/10/13,Argentina,2
01/11/13,Argentina,4
01/12/13,Argentina,0
01/01/14,Argentina,2
01/02/14,Argentina,4
01/03/14,Argentina,0
01/04/14,Argentina,5
01/05/14,Argentina,2
01/06/14,Argentina,4
01/07/14,Argentina,2
01/08/14,Argentina,2
01/09/14,Argentina,2
01/10/14,Argentina,2
01/11/14,Argentina,2
01/12/14,Argentina,0
01/01/15,Argentina,0
01/02/15,Argentina,2
01/03/15,Argentina,2
01/04/15,Argentina,3
01/05/15,Argentina,5
01/06/15,Argentina,2
01/07/15,Argentina,2
01/08/15,Argentina,5
01/09/15,Argentina,3
01/10/15,Argentina,3
01/11/15,Argentina,0
01/12/15,Argentina,8
01/01/16,Argentina,0
01/02/16,Argentina,0
01/03/16,Argentina,2
01/04/16,Argentina,0
01/05/16,Argentina,2
01/06/16,Argentina,0
01/07/16,Argentina,3
01/08/16,Argentina,7
01/09/16,Argentina,5
01/10/16,Argentina,3
01/11/16,Argentina,2
01/12/16,Argentina,3
01/01/17,Argentina,0
01/02/17,Argentina,0
01/03/17,Argentina,0
01/04/17,Argentina,7
01/05/17,Argentina,5
01/06/17,Argentina,2
01/07/17,Argentina,2
01/08/17,Argentina,0
01/09/17,Argentina,2
01/10/17,Argentina,0
01/11/17,Argentina,2
01/12/17,Argentina,0
01/01/18,Argentina,3
01/02/18,Argentina,3
01/03/18,Argentina,4
01/04/18,Argentina,0
01/05/18,Argentina,1
01/06/18,Argentina,7
01/07/18,Argentina,0
01/08/18,Argentina,4
01/09/18,Argentina,1
01/10/18,Argentina,1
01/11/18,Argentina,4
01/12/18,Argentina,2
01/01/19,Argentina,6
01/02/19,Argentina,2
01/03/19,Argentina,3
01/04/19,Argentina,1
01/05/19,Argentina,1
01/06/19,Argentina,6
01/07/19,Argentina,1
01/08/19,Argentina,0
01/09/19,Argentina,0
01/10/19,Argentina,0
01/11/19,Argentina,3
01/12/19,Argentina,3
01/01/20,Argentina,4
01/02/20,Argentina,4
01/03/20,Argentina,8
01/04/20,Argentina,4
01/05/20,Argentina,5
01/06/20,Argentina,4
01/07/20,Argentina,3
01/08/20,Argentina,9
01/09/20,Argentina,3
01/10/20,Argentina,1
01/11/20,Argentina,7
01/12/20,Argentina,0
01/01/21,Argentina,3
01/02/21,Argentina,4
01/03/21,Argentina,2
01/04/21,Argentina,8
01/05/21,Argentina,3
01/06/21,Argentina,4
01/07/21,Argentina,5
01/08/21,Argentina,9
01/09/21,Argentina,5
01/10/21,Argentina,20
01/01/04,Brazil,0
01/02/04,Brazil,0
01/03/04,Brazil,90
01/04/04,Brazil,0
01/05/04,Brazil,0
01/06/04,Brazil,0
01/07/04,Brazil,0
01/08/04,Brazil,0
01/09/04,Brazil,0
01/10/04,Brazil,0
01/11/04,Brazil,100
01/12/04,Brazil,0
01/01/05,Brazil,0
01/02/05,Brazil,0
01/03/05,Brazil,36
01/04/05,Brazil,0
01/05/05,Brazil,0
01/06/05,Brazil,0
01/07/05,Brazil,0
01/08/05,Brazil,0
01/09/05,Brazil,27
01/10/05,Brazil,0
01/11/05,Brazil,0
01/12/05,Brazil,0
01/01/06,Brazil,0
01/02/06,Brazil,0
01/03/06,Brazil,0
01/04/06,Brazil,0
01/05/06,Brazil,0
01/06/06,Brazil,0
01/07/06,Brazil,0
01/08/06,Brazil,32
01/09/06,Brazil,16
01/10/06,Brazil,0
01/11/06,Brazil,0
01/12/06,Brazil,15
01/01/07,Brazil,27
01/02/07,Brazil,0
01/03/07,Brazil,11
01/04/07,Brazil,11
01/05/07,Brazil,19
01/06/07,Brazil,0
01/07/07,Brazil,19
01/08/07,Brazil,8
01/09/07,Brazil,0
01/10/07,Brazil,15
01/11/07,Brazil,0
01/12/07,Brazil,0
01/01/08,Brazil,8
01/02/08,Brazil,16
01/03/08,Brazil,14
01/04/08,Brazil,7
01/05/08,Brazil,7
01/06/08,Brazil,0
01/07/08,Brazil,14
01/08/08,Brazil,13
01/09/08,Brazil,0
01/10/08,Brazil,6
01/11/08,Brazil,13
01/12/08,Brazil,0
01/01/09,Brazil,0
01/02/09,Brazil,7
01/03/09,Brazil,0
01/04/09,Brazil,0
01/05/09,Brazil,5
01/06/09,Brazil,0
01/07/09,Brazil,16
01/08/09,Brazil,20
01/09/09,Brazil,10
01/10/09,Brazil,10
01/11/09,Brazil,16
01/12/09,Brazil,11
01/01/10,Brazil,0
01/02/10,Brazil,0
01/03/10,Brazil,5
01/04/10,Brazil,10
01/05/10,Brazil,0
01/06/10,Brazil,11
01/07/10,Brazil,0
01/08/10,Brazil,5
01/09/10,Brazil,5
01/10/10,Brazil,5
01/11/10,Brazil,14
01/12/10,Brazil,5
01/01/11,Brazil,5
01/02/11,Brazil,12
01/03/11,Brazil,8
01/04/11,Brazil,9
01/05/11,Brazil,8
01/06/11,Brazil,4
01/07/11,Brazil,8
01/08/11,Brazil,9
01/09/11,Brazil,5
01/10/11,Brazil,8
01/11/11,Brazil,9
01/12/11,Brazil,4
01/01/12,Brazil,3
01/02/12,Brazil,5
01/03/12,Brazil,3
01/04/12,Brazil,5
01/05/12,Brazil,6
01/06/12,Brazil,6
01/07/12,Brazil,7
01/08/12,Brazil,6
01/09/12,Brazil,6
01/10/12,Brazil,9
01/11/12,Brazil,8
01/12/12,Brazil,4
01/01/13,Brazil,4
01/02/13,Brazil,12
01/03/13,Brazil,4
01/04/13,Brazil,5
01/05/13,Brazil,4
01/06/13,Brazil,4
01/07/13,Brazil,5
01/08/13,Brazil,13
01/09/13,Brazil,8
01/10/13,Brazil,7
01/11/13,Brazil,1
01/12/13,Brazil,7
01/01/14,Brazil,6
01/02/14,Brazil,7
01/03/14,Brazil,5
01/04/14,Brazil,13
01/05/14,Brazil,2
01/06/14,Brazil,9
01/07/14,Brazil,7
01/08/14,Brazil,7
01/09/14,Brazil,12
01/10/14,Brazil,10
01/11/14,Brazil,3
01/12/14,Brazil,5
01/01/15,Brazil,15
01/02/15,Brazil,12
01/03/15,Brazil,3
01/04/15,Brazil,4
01/05/15,Brazil,6
01/06/15,Brazil,8
01/07/15,Brazil,5
01/08/15,Brazil,6
01/09/15,Brazil,8
01/10/15,Brazil,6
01/11/15,Brazil,5
01/12/15,Brazil,5
01/01/16,Brazil,7
01/02/16,Brazil,6
01/03/16,Brazil,16
01/04/16,Brazil,12
01/05/16,Brazil,20
01/06/16,Brazil,25
01/07/16,Brazil,16
01/08/16,Brazil,18
01/09/16,Brazil,17
01/10/16,Brazil,18
01/11/16,Brazil,10
01/12/16,Brazil,14
01/01/17,Brazil,19
01/02/17,Brazil,20
01/03/17,Brazil,15
01/04/17,Brazil,14
01/05/17,Brazil,8
01/06/17,Brazil,14
01/07/17,Brazil,12
01/08/17,Brazil,6
01/09/17,Brazil,8
01/10/17,Brazil,9
01/11/17,Brazil,8
01/12/17,Brazil,7
01/01/18,Brazil,8
01/02/18,Brazil,7
01/03/18,Brazil,7
01/04/18,Brazil,5
01/05/18,Brazil,10
01/06/18,Brazil,5
01/07/18,Brazil,9
01/08/18,Brazil,10
01/09/18,Brazil,6
01/10/18,Brazil,3
01/11/18,Brazil,5
01/12/18,Brazil,11
01/01/19,Brazil,2
01/02/19,Brazil,7
01/03/19,Brazil,7
01/04/19,Brazil,9
01/05/19,Brazil,9
01/06/19,Brazil,9
01/07/19,Brazil,11
01/08/19,Brazil,3
01/09/19,Brazil,5
01/10/19,Brazil,9
01/11/19,Brazil,4
01/12/19,Brazil,5
01/01/20,Brazil,6
01/02/20,Brazil,8
01/03/20,Brazil,14
01/04/20,Brazil,12
01/05/20,Brazil,16
01/06/20,Brazil,10
01/07/20,Brazil,8
01/08/20,Brazil,11
01/09/20,Brazil,7
01/10/20,Brazil,7
01/11/20,Brazil,9
01/12/20,Brazil,7
01/01/21,Brazil,10
01/02/21,Brazil,13
01/03/21,Brazil,11
01/04/21,Brazil,9
01/05/21,Brazil,4
01/06/21,Brazil,9
01/07/21,Brazil,6
01/08/21,Brazil,7
01/09/21,Brazil,6
01/10/21,Brazil,4
01/01/04,Colombia,0
01/02/04,Colombia,0
01/03/04,Colombia,0
01/04/04,Colombia,0
01/05/04,Colombia,0
01/06/04,Colombia,0
01/07/04,Colombia,0
01/08/04,Colombia,0
01/09/04,Colombia,0
01/10/04,Colombia,0
01/11/04,Colombia,0
01/12/04,Colombia,0
01/01/05,Colombia,0
01/02/05,Colombia,0
01/03/05,Colombia,0
01/04/05,Colombia,0
01/05/05,Colombia,0
01/06/05,Colombia,100
01/07/05,Colombia,0
01/08/05,Colombia,0
01/09/05,Colombia,0
01/10/05,Colombia,0
01/11/05,Colombia,78
01/12/05,Colombia,0
01/01/06,Colombia,0
01/02/06,Colombia,0
01/03/06,Colombia,0
01/04/06,Colombia,0
01/05/06,Colombia,0
01/06/06,Colombia,0
01/07/06,Colombia,0
01/08/06,Colombia,0
01/09/06,Colombia,0
01/10/06,Colombia,0
01/11/06,Colombia,0
01/12/06,Colombia,0
01/01/07,Colombia,0
01/02/07,Colombia,0
01/03/07,Colombia,32
01/04/07,Colombia,0
01/05/07,Colombia,0
01/06/07,Colombia,0
01/07/07,Colombia,0
01/08/07,Colombia,0
01/09/07,Colombia,22
01/10/07,Colombia,0
01/11/07,Colombia,42
01/12/07,Colombia,0
01/01/08,Colombia,0
01/02/08,Colombia,0
01/03/08,Colombia,0
01/04/08,Colombia,18
01/05/08,Colombia,18
01/06/08,Colombia,0
01/07/08,Colombia,18
01/08/08,Colombia,36
01/09/08,Colombia,17
01/10/08,Colombia,0
01/11/08,Colombia,0
01/12/08,Colombia,0
01/01/09,Colombia,0
01/02/09,Colombia,0
01/03/09,Colombia,0
01/04/09,Colombia,0
01/05/09,Colombia,15
01/06/09,Colombia,0
01/07/09,Colombia,0
01/08/09,Colombia,0
01/09/09,Colombia,0
01/10/09,Colombia,29
01/11/09,Colombia,15
01/12/09,Colombia,0
01/01/10,Colombia,0
01/02/10,Colombia,0
01/03/10,Colombia,0
01/04/10,Colombia,0
01/05/10,Colombia,0
01/06/10,Colombia,0
01/07/10,Colombia,0
01/08/10,Colombia,15
01/09/10,Colombia,30
01/10/10,Colombia,0
01/11/10,Colombia,0
01/12/10,Colombia,0
01/01/11,Colombia,6
01/02/11,Colombia,5
01/03/11,Colombia,5
01/04/11,Colombia,5
01/05/11,Colombia,5
01/06/11,Colombia,5
01/07/11,Colombia,5
01/08/11,Colombia,9
01/09/11,Colombia,0
01/10/11,Colombia,4
01/11/11,Colombia,5
01/12/11,Colombia,0
01/01/12,Colombia,5
01/02/12,Colombia,9
01/03/12,Colombia,12
01/04/12,Colombia,9
01/05/12,Colombia,0
01/06/12,Colombia,13
01/07/12,Colombia,13
01/08/12,Colombia,16
01/09/12,Colombia,12
01/10/12,Colombia,7
01/11/12,Colombia,4
01/12/12,Colombia,9
01/01/13,Colombia,20
01/02/13,Colombia,11
01/03/13,Colombia,20
01/04/13,Colombia,13
01/05/13,Colombia,3
01/06/13,Colombia,3
01/07/13,Colombia,10
01/08/13,Colombia,6
01/09/13,Colombia,3
01/10/13,Colombia,0
01/11/13,Colombia,3
01/12/13,Colombia,11
01/01/14,Colombia,3
01/02/14,Colombia,0
01/03/14,Colombia,8
01/04/14,Colombia,9
01/05/14,Colombia,11
01/06/14,Colombia,16
01/07/14,Colombia,3
01/08/14,Colombia,9
01/09/14,Colombia,11
01/10/14,Colombia,6
01/11/14,Colombia,0
01/12/14,Colombia,0
01/01/15,Colombia,0
01/02/15,Colombia,3
01/03/15,Colombia,0
01/04/15,Colombia,6
01/05/15,Colombia,3
01/06/15,Colombia,9
01/07/15,Colombia,5
01/08/15,Colombia,10
01/09/15,Colombia,2
01/10/15,Colombia,7
01/11/15,Colombia,2
01/12/15,Colombia,0
01/01/16,Colombia,3
01/02/16,Colombia,13
01/03/16,Colombia,7
01/04/16,Colombia,7
01/05/16,Colombia,5
01/06/16,Colombia,0
01/07/16,Colombia,8
01/08/16,Colombia,3
01/09/16,Colombia,8
01/10/16,Colombia,3
01/11/16,Colombia,3
01/12/16,Colombia,6
01/01/17,Colombia,8
01/02/17,Colombia,0
01/03/17,Colombia,0
01/04/17,Colombia,3
01/05/17,Colombia,0
01/06/17,Colombia,0
01/07/17,Colombia,0
01/08/17,Colombia,10
01/09/17,Colombia,5
01/10/17,Colombia,0
01/11/17,Colombia,10
01/12/17,Colombia,3
01/01/18,Colombia,6
01/02/18,Colombia,7
01/03/18,Colombia,2
01/04/18,Colombia,5
01/05/18,Colombia,7
01/06/18,Colombia,3
01/07/18,Colombia,17
01/08/18,Colombia,7
01/09/18,Colombia,5
01/10/18,Colombia,5
01/11/18,Colombia,5
01/12/18,Colombia,6
01/01/19,Colombia,8
01/02/19,Colombia,18
01/03/19,Colombia,2
01/04/19,Colombia,5
01/05/19,Colombia,7
01/06/19,Colombia,5
01/07/19,Colombia,7
01/08/19,Colombia,16
01/09/19,Colombia,2
01/10/19,Colombia,4
01/11/19,Colombia,7
01/12/19,Colombia,10
01/01/20,Colombia,2
01/02/20,Colombia,2
01/03/20,Colombia,21
01/04/20,Colombia,8
01/05/20,Colombia,17
01/06/20,Colombia,18
01/07/20,Colombia,12
01/08/20,Colombia,13
01/09/20,Colombia,3
01/10/20,Colombia,8
01/11/20,Colombia,0
01/12/20,Colombia,7
01/01/21,Colombia,13
01/02/21,Colombia,4
01/03/21,Colombia,7
01/04/21,Colombia,11
01/05/21,Colombia,7
01/06/21,Colombia,15
01/07/21,Colombia,15
01/08/21,Colombia,11
01/09/21,Colombia,15
01/10/21,Colombia,11
01/01/04,France,0
01/02/04,France,43
01/03/04,France,0
01/04/04,France,0
01/05/04,France,0
01/06/04,France,63
01/07/04,France,0
01/08/04,France,0
01/09/04,France,29
01/10/04,France,0
01/11/04,France,0
01/12/04,France,100
01/01/05,France,0
01/02/05,France,23
01/03/05,France,0
01/04/05,France,0
01/05/05,France,0
01/06/05,France,54
01/07/05,France,20
01/08/05,France,0
01/09/05,France,0
01/10/05,France,0
01/11/05,France,15
01/12/05,France,14
01/01/06,France,24
01/02/06,France,13
01/03/06,France,11
01/04/06,France,0
01/05/06,France,11
01/06/06,France,21
01/07/06,France,12
01/08/06,France,22
01/09/06,France,19
01/10/06,France,17
01/11/06,France,25
01/12/06,France,8
01/01/07,France,7
01/02/07,France,0
01/03/07,France,40
01/04/07,France,28
01/05/07,France,30
01/06/07,France,6
01/07/07,France,13
01/08/07,France,7
01/09/07,France,24
01/10/07,France,11
01/11/07,France,0
01/12/07,France,0
01/01/08,France,0
01/02/08,France,15
01/03/08,France,14
01/04/08,France,9
01/05/08,France,5
01/06/08,France,5
01/07/08,France,31
01/08/08,France,17
01/09/08,France,5
01/10/08,France,4
01/11/08,France,4
01/12/08,France,0
01/01/09,France,24
01/02/09,France,8
01/03/09,France,15
01/04/09,France,4
01/05/09,France,8
01/06/09,France,15
01/07/09,France,12
01/08/09,France,4
01/09/09,France,11
01/10/09,France,7
01/11/09,France,21
01/12/09,France,3
01/01/10,France,13
01/02/10,France,4
01/03/10,France,16
01/04/10,France,7
01/05/10,France,14
01/06/10,France,3
01/07/10,France,0
01/08/10,France,14
01/09/10,France,6
01/10/10,France,9
01/11/10,France,6
01/12/10,France,6
01/01/11,France,9
01/02/11,France,7
01/03/11,France,11
01/04/11,France,2
01/05/11,France,5
01/06/11,France,14
01/07/11,France,5
01/08/11,France,8
01/09/11,France,14
01/10/11,France,13
01/11/11,France,13
01/12/11,France,17
01/01/12,France,8
01/02/12,France,4
01/03/12,France,8
01/04/12,France,6
01/05/12,France,8
01/06/12,France,2
01/07/12,France,11
01/08/12,France,2
01/09/12,France,15
01/10/12,France,9
01/11/12,France,13
01/12/12,France,6
01/01/13,France,7
01/02/13,France,8
01/03/13,France,5
01/04/13,France,12
01/05/13,France,10
01/06/13,France,7
01/07/13,France,11
01/08/13,France,0
01/09/13,France,9
01/10/13,France,3
01/11/13,France,7
01/12/13,France,12
01/01/14,France,8
01/02/14,France,9
01/03/14,France,6
01/04/14,France,3
01/05/14,France,8
01/06/14,France,6
01/07/14,France,4
01/08/14,France,8
01/09/14,France,2
01/10/14,France,7
01/11/14,France,9
01/12/14,France,8
01/01/15,France,5
01/02/15,France,4
01/03/15,France,6
01/04/15,France,12
01/05/15,France,3
01/06/15,France,7
01/07/15,France,2
01/08/15,France,19
01/09/15,France,11
01/10/15,France,4
01/11/15,France,12
01/12/15,France,6
01/01/16,France,8
01/02/16,France,11
01/03/16,France,15
01/04/16,France,9
01/05/16,France,9
01/06/16,France,5
01/07/16,France,4
01/08/16,France,8
01/09/16,France,7
01/10/16,France,17
01/11/16,France,8
01/12/16,France,11
01/01/17,France,3
01/02/17,France,12
01/03/17,France,6
01/04/17,France,9
01/05/17,France,6
01/06/17,France,10
01/07/17,France,13
01/08/17,France,6
01/09/17,France,11
01/10/17,France,1
01/11/17,France,9
01/12/17,France,11
01/01/18,France,10
01/02/18,France,3
01/03/18,France,8
01/04/18,France,5
01/05/18,France,9
01/06/18,France,12
01/07/18,France,4
01/08/18,France,12
01/09/18,France,9
01/10/18,France,13
01/11/18,France,9
01/12/18,France,6
01/01/19,France,13
01/02/19,France,9
01/03/19,France,11
01/04/19,France,9
01/05/19,France,11
01/06/19,France,7
01/07/19,France,13
01/08/19,France,12
01/09/19,France,8
01/10/19,France,13
01/11/19,France,13
01/12/19,France,7
01/01/20,France,11
01/02/20,France,17
01/03/20,France,15
01/04/20,France,17
01/05/20,France,16
01/06/20,France,10
01/07/20,France,14
01/08/20,France,9
01/09/20,France,9
01/10/20,France,9
01/11/20,France,12
01/12/20,France,10
01/01/21,France,10
01/02/21,France,6
01/03/21,France,5
01/04/21,France,10
01/05/21,France,9
01/06/21,France,8
01/07/21,France,8
01/08/21,France,10
01/09/21,France,6
01/10/21,France,7
01/01/04,Germany,35
01/02/04,Germany,38
01/03/04,Germany,48
01/04/04,Germany,39
01/05/04,Germany,34
01/06/04,Germany,67
01/07/04,Germany,69
01/08/04,Germany,100
01/09/04,Germany,0
01/10/04,Germany,32
01/11/04,Germany,94
01/12/04,Germany,29
01/01/05,Germany,24
01/02/05,Germany,80
01/03/05,Germany,24
01/04/05,Germany,26
01/05/05,Germany,24
01/06/05,Germany,45
01/07/05,Germany,45
01/08/05,Germany,66
01/09/05,Germany,42
01/10/05,Germany,60
01/11/05,Germany,19
01/12/05,Germany,0
01/01/06,Germany,47
01/02/06,Germany,33
01/03/06,Germany,71
01/04/06,Germany,32
01/05/06,Germany,15
01/06/06,Germany,15
01/07/06,Germany,88
01/08/06,Germany,53
01/09/06,Germany,54
01/10/06,Germany,49
01/11/06,Germany,46
01/12/06,Germany,12
01/01/07,Germany,29
01/02/07,Germany,75
01/03/07,Germany,29
01/04/07,Germany,85
01/05/07,Germany,27
01/06/07,Germany,64
01/07/07,Germany,27
01/08/07,Germany,18
01/09/07,Germany,70
01/10/07,Germany,48
01/11/07,Germany,29
01/12/07,Germany,49
01/01/08,Germany,35
01/02/08,Germany,23
01/03/08,Germany,79
01/04/08,Germany,51
01/05/08,Germany,83
01/06/08,Germany,60
01/07/08,Germany,29
01/08/08,Germany,66
01/09/08,Germany,28
01/10/08,Germany,45
01/11/08,Germany,46
01/12/08,Germany,62
01/01/09,Germany,30
01/02/09,Germany,52
01/03/09,Germany,29
01/04/09,Germany,27
01/05/09,Germany,37
01/06/09,Germany,54
01/07/09,Germany,29
01/08/09,Germany,30
01/09/09,Germany,57
01/10/09,Germany,55
01/11/09,Germany,22
01/12/09,Germany,68
01/01/10,Germany,41
01/02/10,Germany,55
01/03/10,Germany,35
01/04/10,Germany,43
01/05/10,Germany,37
01/06/10,Germany,44
01/07/10,Germany,42
01/08/10,Germany,46
01/09/10,Germany,45
01/10/10,Germany,39
01/11/10,Germany,33
01/12/10,Germany,48
01/01/11,Germany,32
01/02/11,Germany,19
01/03/11,Germany,40
01/04/11,Germany,24
01/05/11,Germany,15
01/06/11,Germany,35
01/07/11,Germany,38
01/08/11,Germany,26
01/09/11,Germany,26
01/10/11,Germany,36
01/11/11,Germany,31
01/12/11,Germany,24
01/01/12,Germany,33
01/02/12,Germany,30
01/03/12,Germany,52
01/04/12,Germany,33
01/05/12,Germany,39
01/06/12,Germany,42
01/07/12,Germany,38
01/08/12,Germany,20
01/09/12,Germany,33
01/10/12,Germany,41
01/11/12,Germany,41
01/12/12,Germany,29
01/01/13,Germany,28
01/02/13,Germany,49
01/03/13,Germany,26
01/04/13,Germany,36
01/05/13,Germany,30
01/06/13,Germany,31
01/07/13,Germany,11
01/08/13,Germany,25
01/09/13,Germany,36
01/10/13,Germany,58
01/11/13,Germany,29
01/12/13,Germany,22
01/01/14,Germany,29
01/02/14,Germany,47
01/03/14,Germany,54
01/04/14,Germany,36
01/05/14,Germany,35
01/06/14,Germany,21
01/07/14,Germany,53
01/08/14,Germany,38
01/09/14,Germany,57
01/10/14,Germany,30
01/11/14,Germany,46
01/12/14,Germany,44
01/01/15,Germany,27
01/02/15,Germany,28
01/03/15,Germany,38
01/04/15,Germany,24
01/05/15,Germany,21
01/06/15,Germany,42
01/07/15,Germany,36
01/08/15,Germany,57
01/09/15,Germany,32
01/10/15,Germany,50
01/11/15,Germany,25
01/12/15,Germany,24
01/01/16,Germany,48
01/02/16,Germany,34
01/03/16,Germany,37
01/04/16,Germany,37
01/05/16,Germany,31
01/06/16,Germany,48
01/07/16,Germany,30
01/08/16,Germany,24
01/09/16,Germany,23
01/10/16,Germany,52
01/11/16,Germany,57
01/12/16,Germany,27
01/01/17,Germany,31
01/02/17,Germany,42
01/03/17,Germany,49
01/04/17,Germany,33
01/05/17,Germany,42
01/06/17,Germany,53
01/07/17,Germany,49
01/08/17,Germany,44
01/09/17,Germany,54
01/10/17,Germany,37
01/11/17,Germany,58
01/12/17,Germany,50
01/01/18,Germany,46
01/02/18,Germany,46
01/03/18,Germany,29
01/04/18,Germany,29
01/05/18,Germany,39
01/06/18,Germany,34
01/07/18,Germany,50
01/08/18,Germany,32
01/09/18,Germany,26
01/10/18,Germany,23
01/11/18,Germany,27
01/12/18,Germany,42
01/01/19,Germany,42
01/02/19,Germany,34
01/03/19,Germany,36
01/04/19,Germany,33
01/05/19,Germany,49
01/06/19,Germany,56
01/07/19,Germany,34
01/08/19,Germany,31
01/09/19,Germany,48
01/10/19,Germany,34
01/11/19,Germany,28
01/12/19,Germany,33
01/01/20,Germany,42
01/02/20,Germany,37
01/03/20,Germany,65
01/04/20,Germany,78
01/05/20,Germany,58
01/06/20,Germany,51
01/07/20,Germany,54
01/08/20,Germany,54
01/09/20,Germany,59
01/10/20,Germany,30
01/11/20,Germany,64
01/12/20,Germany,40
01/01/21,Germany,57
01/02/21,Germany,65
01/03/21,Germany,48
01/04/21,Germany,53
01/05/21,Germany,53
01/06/21,Germany,31
01/07/21,Germany,44
01/08/21,Germany,32
01/09/21,Germany,47
01/10/21,Germany,20
01/01/04,India,44
01/02/04,India,59
01/03/04,India,74
01/04/04,India,72
01/05/04,India,24
01/06/04,India,33
01/07/04,India,32
01/08/04,India,70
01/09/04,India,60
01/10/04,India,11
01/11/04,India,12
01/12/04,India,38
01/01/05,India,73
01/02/05,India,38
01/03/05,India,72
01/04/05,India,19
01/05/05,India,80
01/06/05,India,74
01/07/05,India,77
01/08/05,India,77
01/09/05,India,100
01/10/05,India,46
01/11/05,India,62
01/12/05,India,79
01/01/06,India,45
01/02/06,India,46
01/03/06,India,74
01/04/06,India,51
01/05/06,India,55
01/06/06,India,54
01/07/06,India,56
01/08/06,India,54
01/09/06,India,36
01/10/06,India,46
01/11/06,India,53
01/12/06,India,66
01/01/07,India,38
01/02/07,India,35
01/03/07,India,52
01/04/07,India,40
01/05/07,India,41
01/06/07,India,45
01/07/07,India,48
01/08/07,India,50
01/09/07,India,45
01/10/07,India,47
01/11/07,India,41
01/12/07,India,45
01/01/08,India,34
01/02/08,India,40
01/03/08,India,50
01/04/08,India,26
01/05/08,India,59
01/06/08,India,31
01/07/08,India,41
01/08/08,India,48
01/09/08,India,29
01/10/08,India,36
01/11/08,India,37
01/12/08,India,30
01/01/09,India,42
01/02/09,India,40
01/03/09,India,30
01/04/09,India,40
01/05/09,India,52
01/06/09,India,39
01/07/09,India,39
01/08/09,India,41
01/09/09,India,41
01/10/09,India,28
01/11/09,India,27
01/12/09,India,30
01/01/10,India,41
01/02/10,India,31
01/03/10,India,33
01/04/10,India,26
01/05/10,India,35
01/06/10,India,27
01/07/10,India,33
01/08/10,India,23
01/09/10,India,24
01/10/10,India,28
01/11/10,India,31
01/12/10,India,33
01/01/11,India,25
01/02/11,India,31
01/03/11,India,24
01/04/11,India,27
01/05/11,India,26
01/06/11,India,31
01/07/11,India,26
01/08/11,India,24
01/09/11,India,26
01/10/11,India,25
01/11/11,India,23
01/12/11,India,25
01/01/12,India,20
01/02/12,India,23
01/03/12,India,22
01/04/12,India,22
01/05/12,India,24
01/06/12,India,24
01/07/12,India,26
01/08/12,India,30
01/09/12,India,24
01/10/12,India,21
01/11/12,India,24
01/12/12,India,24
01/01/13,India,23
01/02/13,India,23
01/03/13,India,26
01/04/13,India,24
01/05/13,India,24
01/06/13,India,27
01/07/13,India,28
01/08/13,India,21
01/09/13,India,23
01/10/13,India,19
01/11/13,India,20
01/12/13,India,20
01/01/14,India,19
01/02/14,India,23
01/03/14,India,18
01/04/14,India,20
01/05/14,India,17
01/06/14,India,20
01/07/14,India,20
01/08/14,India,21
01/09/14,India,26
01/10/14,India,21
01/11/14,India,25
01/12/14,India,24
01/01/15,India,27
01/02/15,India,20
01/03/15,India,24
01/04/15,India,25
01/05/15,India,23
01/06/15,India,24
01/07/15,India,22
01/08/15,India,18
01/09/15,India,20
01/10/15,India,17
01/11/15,India,20
01/12/15,India,21
01/01/16,India,17
01/02/16,India,18
01/03/16,India,15
01/04/16,India,15
01/05/16,India,17
01/06/16,India,19
01/07/16,India,17
01/08/16,India,16
01/09/16,India,15
01/10/16,India,12
01/11/16,India,13
01/12/16,India,14
01/01/17,India,15
01/02/17,India,16
01/03/17,India,15
01/04/17,India,15
01/05/17,India,15
01/06/17,India,15
01/07/17,India,15
01/08/17,India,15
01/09/17,India,15
01/10/17,India,11
01/11/17,India,16
01/12/17,India,13
01/01/18,India,12
01/02/18,India,12
01/03/18,India,12
01/04/18,India,12
01/05/18,India,13
01/06/18,India,11
01/07/18,India,12
01/08/18,India,12
01/09/18,India,10
01/10/18,India,9
01/11/18,India,10
01/12/18,India,10
01/01/19,India,11
01/02/19,India,10
01/03/19,India,10
01/04/19,India,9
01/05/19,India,12
01/06/19,India,12
01/07/19,India,12
01/08/19,India,12
01/09/19,India,16
01/10/19,India,10
01/11/19,India,12
01/12/19,India,13
01/01/20,India,10
01/02/20,India,12
01/03/20,India,15
01/04/20,India,32
01/05/20,India,30
01/06/20,India,26
01/07/20,India,26
01/08/20,India,22
01/09/20,India,23
01/10/20,India,17
01/11/20,India,16
01/12/20,India,18
01/01/21,India,17
01/02/21,India,16
01/03/21,India,18
01/04/21,India,16
01/05/21,India,19
01/06/21,India,24
01/07/21,India,21
01/08/21,India,18
01/09/21,India,17
01/10/21,India,15
01/01/04,Indonesia,0
01/02/04,Indonesia,41
01/03/04,Indonesia,0
01/04/04,Indonesia,39
01/05/04,Indonesia,100
01/06/04,Indonesia,0
01/07/04,Indonesia,0
01/08/04,Indonesia,0
01/09/04,Indonesia,30
01/10/04,Indonesia,0
01/11/04,Indonesia,40
01/12/04,Indonesia,0
01/01/05,Indonesia,0
01/02/05,Indonesia,30
01/03/05,Indonesia,0
01/04/05,Indonesia,0
01/05/05,Indonesia,66
01/06/05,Indonesia,22
01/07/05,Indonesia,0
01/08/05,Indonesia,0
01/09/05,Indonesia,0
01/10/05,Indonesia,0
01/11/05,Indonesia,22
01/12/05,Indonesia,0
01/01/06,Indonesia,0
01/02/06,Indonesia,18
01/03/06,Indonesia,15
01/04/06,Indonesia,0
01/05/06,Indonesia,0
01/06/06,Indonesia,0
01/07/06,Indonesia,0
01/08/06,Indonesia,0
01/09/06,Indonesia,0
01/10/06,Indonesia,27
01/11/06,Indonesia,21
01/12/06,Indonesia,0
01/01/07,Indonesia,10
01/02/07,Indonesia,0
01/03/07,Indonesia,9
01/04/07,Indonesia,24
01/05/07,Indonesia,7
01/06/07,Indonesia,7
01/07/07,Indonesia,20
01/08/07,Indonesia,6
01/09/07,Indonesia,0
01/10/07,Indonesia,6
01/11/07,Indonesia,5
01/12/07,Indonesia,0
01/01/08,Indonesia,0
01/02/08,Indonesia,0
01/03/08,Indonesia,4
01/04/08,Indonesia,4
01/05/08,Indonesia,0
01/06/08,Indonesia,8
01/07/08,Indonesia,4
01/08/08,Indonesia,3
01/09/08,Indonesia,0
01/10/08,Indonesia,9
01/11/08,Indonesia,3
01/12/08,Indonesia,6
01/01/09,Indonesia,6
01/02/09,Indonesia,6
01/03/09,Indonesia,5
01/04/09,Indonesia,5
01/05/09,Indonesia,7
01/06/09,Indonesia,3
01/07/09,Indonesia,8
01/08/09,Indonesia,5
01/09/09,Indonesia,5
01/10/09,Indonesia,4
01/11/09,Indonesia,5
01/12/09,Indonesia,9
01/01/10,Indonesia,7
01/02/10,Indonesia,7
01/03/10,Indonesia,6
01/04/10,Indonesia,6
01/05/10,Indonesia,0
01/06/10,Indonesia,2
01/07/10,Indonesia,2
01/08/10,Indonesia,2
01/09/10,Indonesia,4
01/10/10,Indonesia,7
01/11/10,Indonesia,6
01/12/10,Indonesia,2
01/01/11,Indonesia,1
01/02/11,Indonesia,3
01/03/11,Indonesia,2
01/04/11,Indonesia,1
01/05/11,Indonesia,3
01/06/11,Indonesia,4
01/07/11,Indonesia,2
01/08/11,Indonesia,2
01/09/11,Indonesia,2
01/10/11,Indonesia,3
01/11/11,Indonesia,1
01/12/11,Indonesia,1
01/01/12,Indonesia,2
01/02/12,Indonesia,3
01/03/12,Indonesia,2
01/04/12,Indonesia,3
01/05/12,Indonesia,2
01/06/12,Indonesia,2
01/07/12,Indonesia,3
01/08/12,Indonesia,2
01/09/12,Indonesia,1
01/10/12,Indonesia,3
01/11/12,Indonesia,4
01/12/12,Indonesia,2
01/01/13,Indonesia,1
01/02/13,Indonesia,1
01/03/13,Indonesia,3
01/04/13,Indonesia,2
01/05/13,Indonesia,2
01/06/13,Indonesia,1
01/07/13,Indonesia,2
01/08/13,Indonesia,2
01/09/13,Indonesia,3
01/10/13,Indonesia,2
01/11/13,Indonesia,1
01/12/13,Indonesia,1
01/01/14,Indonesia,2
01/02/14,Indonesia,1
01/03/14,Indonesia,2
01/04/14,Indonesia,2
01/05/14,Indonesia,1
01/06/14,Indonesia,2
01/07/14,Indonesia,1
01/08/14,Indonesia,1
01/09/14,Indonesia,2
01/10/14,Indonesia,2
01/11/14,Indonesia,1
01/12/14,Indonesia,1
01/01/15,Indonesia,1
01/02/15,Indonesia,3
01/03/15,Indonesia,2
01/04/15,Indonesia,2
01/05/15,Indonesia,1
01/06/15,Indonesia,2
01/07/15,Indonesia,1
01/08/15,Indonesia,1
01/09/15,Indonesia,2
01/10/15,Indonesia,2
01/11/15,Indonesia,2
01/12/15,Indonesia,1
01/01/16,Indonesia,2
01/02/16,Indonesia,1
01/03/16,Indonesia,1
01/04/16,Indonesia,1
01/05/16,Indonesia,1
01/06/16,Indonesia,1
01/07/16,Indonesia,1
01/08/16,Indonesia,1
01/09/16,Indonesia,1
01/10/16,Indonesia,1
01/11/16,Indonesia,2
01/12/16,Indonesia,1
01/01/17,Indonesia,1
01/02/17,Indonesia,1
01/03/17,Indonesia,1
01/04/17,Indonesia,1
01/05/17,Indonesia,1
01/06/17,Indonesia,1
01/07/17,Indonesia,1
01/08/17,Indonesia,1
01/09/17,Indonesia,1
01/10/17,Indonesia,1
01/11/17,Indonesia,1
01/12/17,Indonesia,1
01/01/18,Indonesia,1
01/02/18,Indonesia,1
01/03/18,Indonesia,1
01/04/18,Indonesia,2
01/05/18,Indonesia,1
01/06/18,Indonesia,1
01/07/18,Indonesia,1
01/08/18,Indonesia,1
01/09/18,Indonesia,1
01/10/18,Indonesia,2
01/11/18,Indonesia,2
01/12/18,Indonesia,1
01/01/19,Indonesia,1
01/02/19,Indonesia,1
01/03/19,Indonesia,2
01/04/19,Indonesia,1
01/05/19,Indonesia,1
01/06/19,Indonesia,1
01/07/19,Indonesia,1
01/08/19,Indonesia,1
01/09/19,Indonesia,2
01/10/19,Indonesia,2
01/11/19,Indonesia,2
01/12/19,Indonesia,3
01/01/20,Indonesia,1
01/02/20,Indonesia,2
01/03/20,Indonesia,6
01/04/20,Indonesia,6
01/05/20,Indonesia,5
01/06/20,Indonesia,6
01/07/20,Indonesia,7
01/08/20,Indonesia,5
01/09/20,Indonesia,6
01/10/20,Indonesia,12
01/11/20,Indonesia,12
01/12/20,Indonesia,9
01/01/21,Indonesia,9
01/02/21,Indonesia,6
01/03/21,Indonesia,8
01/04/21,Indonesia,8
01/05/21,Indonesia,8
01/06/21,Indonesia,8
01/07/21,Indonesia,7
01/08/21,Indonesia,4
01/09/21,Indonesia,8
01/10/21,Indonesia,11
01/01/04,Iran,0
01/02/04,Iran,0
01/03/04,Iran,0
01/04/04,Iran,0
01/05/04,Iran,0
01/06/04,Iran,0
01/07/04,Iran,0
01/08/04,Iran,0
01/09/04,Iran,0
01/10/04,Iran,0
01/11/04,Iran,66
01/12/04,Iran,0
01/01/05,Iran,0
01/02/05,Iran,0
01/03/05,Iran,0
01/04/05,Iran,100
01/05/05,Iran,0
01/06/05,Iran,0
01/07/05,Iran,0
01/08/05,Iran,36
01/09/05,Iran,0
01/10/05,Iran,34
01/11/05,Iran,33
01/12/05,Iran,29
01/01/06,Iran,0
01/02/06,Iran,0
01/03/06,Iran,0
01/04/06,Iran,0
01/05/06,Iran,0
01/06/06,Iran,0
01/07/06,Iran,27
01/08/06,Iran,51
01/09/06,Iran,0
01/10/06,Iran,23
01/11/06,Iran,20
01/12/06,Iran,0
01/01/07,Iran,19
01/02/07,Iran,0
01/03/07,Iran,20
01/04/07,Iran,0
01/05/07,Iran,27
01/06/07,Iran,0
01/07/07,Iran,26
01/08/07,Iran,14
01/09/07,Iran,25
01/10/07,Iran,12
01/11/07,Iran,23
01/12/07,Iran,11
01/01/08,Iran,22
01/02/08,Iran,10
01/03/08,Iran,12
01/04/08,Iran,10
01/05/08,Iran,0
01/06/08,Iran,11
01/07/08,Iran,19
01/08/08,Iran,10
01/09/08,Iran,9
01/10/08,Iran,9
01/11/08,Iran,49
01/12/08,Iran,8
01/01/09,Iran,8
01/02/09,Iran,15
01/03/09,Iran,19
01/04/09,Iran,8
01/05/09,Iran,30
01/06/09,Iran,7
01/07/09,Iran,8
01/08/09,Iran,23
01/09/09,Iran,7
01/10/09,Iran,15
01/11/09,Iran,0
01/12/09,Iran,14
01/01/10,Iran,0
01/02/10,Iran,14
01/03/10,Iran,17
01/04/10,Iran,0
01/05/10,Iran,12
01/06/10,Iran,0
01/07/10,Iran,6
01/08/10,Iran,6
01/09/10,Iran,12
01/10/10,Iran,18
01/11/10,Iran,0
01/12/10,Iran,6
01/01/11,Iran,6
01/02/11,Iran,9
01/03/11,Iran,4
01/04/11,Iran,6
01/05/11,Iran,6
01/06/11,Iran,16
01/07/11,Iran,6
01/08/11,Iran,13
01/09/11,Iran,3
01/10/11,Iran,5
01/11/11,Iran,12
01/12/11,Iran,8
01/01/12,Iran,4
01/02/12,Iran,2
01/03/12,Iran,10
01/04/12,Iran,4
01/05/12,Iran,10
01/06/12,Iran,12
01/07/12,Iran,11
01/08/12,Iran,15
01/09/12,Iran,4
01/10/12,Iran,12
01/11/12,Iran,5
01/12/12,Iran,7
01/01/13,Iran,4
01/02/13,Iran,9
01/03/13,Iran,7
01/04/13,Iran,6
01/05/13,Iran,4
01/06/13,Iran,5
01/07/13,Iran,5
01/08/13,Iran,4
01/09/13,Iran,5
01/10/13,Iran,9
01/11/13,Iran,8
01/12/13,Iran,5
01/01/14,Iran,7
01/02/14,Iran,2
01/03/14,Iran,4
01/04/14,Iran,3
01/05/14,Iran,5
01/06/14,Iran,3
01/07/14,Iran,4
01/08/14,Iran,3
01/09/14,Iran,3
01/10/14,Iran,5
01/11/14,Iran,2
01/12/14,Iran,4
01/01/15,Iran,2
01/02/15,Iran,6
01/03/15,Iran,8
01/04/15,Iran,7
01/05/15,Iran,5
01/06/15,Iran,1
01/07/15,Iran,4
01/08/15,Iran,4
01/09/15,Iran,3
01/10/15,Iran,3
01/11/15,Iran,3
01/12/15,Iran,2
01/01/16,Iran,4
01/02/16,Iran,2
01/03/16,Iran,4
01/04/16,Iran,4
01/05/16,Iran,3
01/06/16,Iran,4
01/07/16,Iran,1
01/08/16,Iran,1
01/09/16,Iran,3
01/10/16,Iran,1
01/11/16,Iran,1
01/12/16,Iran,1
01/01/17,Iran,2
01/02/17,Iran,1
01/03/17,Iran,2
01/04/17,Iran,1
01/05/17,Iran,2
01/06/17,Iran,0
01/07/17,Iran,1
01/08/17,Iran,1
01/09/17,Iran,3
01/10/17,Iran,3
01/11/17,Iran,2
01/12/17,Iran,3
01/01/18,Iran,2
01/02/18,Iran,2
01/03/18,Iran,3
01/04/18,Iran,1
01/05/18,Iran,1
01/06/18,Iran,2
01/07/18,Iran,1
01/08/18,Iran,2
01/09/18,Iran,1
01/10/18,Iran,2
01/11/18,Iran,1
01/12/18,Iran,3
01/01/19,Iran,2
01/02/19,Iran,0
01/03/19,Iran,1
01/04/19,Iran,1
01/05/19,Iran,2
01/06/19,Iran,0
01/07/19,Iran,1
01/08/19,Iran,2
01/09/19,Iran,1
01/10/19,Iran,1
01/11/19,Iran,0
01/12/19,Iran,1
01/01/20,Iran,1
01/02/20,Iran,1
01/03/20,Iran,2
01/04/20,Iran,2
01/05/20,Iran,2
01/06/20,Iran,2
01/07/20,Iran,1
01/08/20,Iran,1
01/09/20,Iran,1
01/10/20,Iran,2
01/11/20,Iran,2
01/12/20,Iran,2
01/01/21,Iran,1
01/02/21,Iran,1
01/03/21,Iran,0
01/04/21,Iran,1
01/05/21,Iran,1
01/06/21,Iran,0
01/07/21,Iran,1
01/08/21,Iran,2
01/09/21,Iran,0
01/10/21,Iran,1
01/01/04,Italy,0
01/02/04,Italy,0
01/03/04,Italy,0
01/04/04,Italy,56
01/05/04,Italy,0
01/06/04,Italy,49
01/07/04,Italy,0
01/08/04,Italy,59
01/09/04,Italy,0
01/10/04,Italy,0
01/11/04,Italy,43
01/12/04,Italy,40
01/01/05,Italy,0
01/02/05,Italy,0
01/03/05,Italy,31
01/04/05,Italy,34
01/05/05,Italy,0
01/06/05,Italy,0
01/07/05,Italy,0
01/08/05,Italy,0
01/09/05,Italy,26
01/10/05,Italy,50
01/11/05,Italy,0
01/12/05,Italy,0
01/01/06,Italy,0
01/02/06,Italy,0
01/03/06,Italy,0
01/04/06,Italy,41
01/05/06,Italy,18
01/06/06,Italy,37
01/07/06,Italy,20
01/08/06,Italy,0
01/09/06,Italy,100
01/10/06,Italy,15
01/11/06,Italy,45
01/12/06,Italy,16
01/01/07,Italy,51
01/02/07,Italy,0
01/03/07,Italy,23
01/04/07,Italy,13
01/05/07,Italy,10
01/06/07,Italy,32
01/07/07,Italy,22
01/08/07,Italy,13
01/09/07,Italy,58
01/10/07,Italy,17
01/11/07,Italy,33
01/12/07,Italy,0
01/01/08,Italy,24
01/02/08,Italy,8
01/03/08,Italy,15
01/04/08,Italy,15
01/05/08,Italy,21
01/06/08,Italy,0
01/07/08,Italy,15
01/08/08,Italy,10
01/09/08,Italy,7
01/10/08,Italy,19
01/11/08,Italy,7
01/12/08,Italy,13
01/01/09,Italy,12
01/02/09,Italy,24
01/03/09,Italy,16
01/04/09,Italy,0
01/05/09,Italy,6
01/06/09,Italy,12
01/07/09,Italy,0
01/08/09,Italy,15
01/09/09,Italy,22
01/10/09,Italy,0
01/11/09,Italy,0
01/12/09,Italy,17
01/01/10,Italy,10
01/02/10,Italy,11
01/03/10,Italy,0
01/04/10,Italy,10
01/05/10,Italy,0
01/06/10,Italy,11
01/07/10,Italy,11
01/08/10,Italy,0
01/09/10,Italy,33
01/10/10,Italy,19
01/11/10,Italy,18
01/12/10,Italy,15
01/01/11,Italy,6
01/02/11,Italy,15
01/03/11,Italy,16
01/04/11,Italy,6
01/05/11,Italy,11
01/06/11,Italy,0
01/07/11,Italy,3
01/08/11,Italy,7
01/09/11,Italy,13
01/10/11,Italy,5
01/11/11,Italy,10
01/12/11,Italy,19
01/01/12,Italy,7
01/02/12,Italy,14
01/03/12,Italy,12
01/04/12,Italy,10
01/05/12,Italy,20
01/06/12,Italy,10
01/07/12,Italy,13
01/08/12,Italy,11
01/09/12,Italy,16
01/10/12,Italy,17
01/11/12,Italy,19
01/12/12,Italy,11
01/01/13,Italy,10
01/02/13,Italy,13
01/03/13,Italy,17
01/04/13,Italy,8
01/05/13,Italy,15
01/06/13,Italy,16
01/07/13,Italy,8
01/08/13,Italy,9
01/09/13,Italy,19
01/10/13,Italy,20
01/11/13,Italy,7
01/12/13,Italy,14
01/01/14,Italy,17
01/02/14,Italy,28
01/03/14,Italy,10
01/04/14,Italy,20
01/05/14,Italy,16
01/06/14,Italy,14
01/07/14,Italy,8
01/08/14,Italy,11
01/09/14,Italy,10
01/10/14,Italy,18
01/11/14,Italy,11
01/12/14,Italy,15
01/01/15,Italy,12
01/02/15,Italy,22
01/03/15,Italy,17
01/04/15,Italy,20
01/05/15,Italy,10
01/06/15,Italy,29
01/07/15,Italy,14
01/08/15,Italy,6
01/09/15,Italy,10
01/10/15,Italy,19
01/11/15,Italy,18
01/12/15,Italy,10
01/01/16,Italy,12
01/02/16,Italy,18
01/03/16,Italy,19
01/04/16,Italy,22
01/05/16,Italy,30
01/06/16,Italy,18
01/07/16,Italy,18
01/08/16,Italy,13
01/09/16,Italy,35
01/10/16,Italy,33
01/11/16,Italy,30
01/12/16,Italy,48
01/01/17,Italy,23
01/02/17,Italy,18
01/03/17,Italy,23
01/04/17,Italy,12
01/05/17,Italy,17
01/06/17,Italy,14
01/07/17,Italy,9
01/08/17,Italy,11
01/09/17,Italy,20
01/10/17,Italy,14
01/11/17,Italy,22
01/12/17,Italy,26
01/01/18,Italy,14
01/02/18,Italy,21
01/03/18,Italy,23
01/04/18,Italy,16
01/05/18,Italy,30
01/06/18,Italy,11
01/07/18,Italy,14
01/08/18,Italy,5
01/09/18,Italy,17
01/10/18,Italy,18
01/11/18,Italy,32
01/12/18,Italy,18
01/01/19,Italy,21
01/02/19,Italy,10
01/03/19,Italy,8
01/04/19,Italy,16
01/05/19,Italy,12
01/06/19,Italy,16
01/07/19,Italy,27
01/08/19,Italy,13
01/09/19,Italy,19
01/10/19,Italy,21
01/11/19,Italy,21
01/12/19,Italy,19
01/01/20,Italy,28
01/02/20,Italy,22
01/03/20,Italy,55
01/04/20,Italy,46
01/05/20,Italy,42
01/06/20,Italy,34
01/07/20,Italy,22
01/08/20,Italy,19
01/09/20,Italy,30
01/10/20,Italy,33
01/11/20,Italy,22
01/12/20,Italy,19
01/01/21,Italy,25
01/02/21,Italy,23
01/03/21,Italy,15
01/04/21,Italy,16
01/05/21,Italy,28
01/06/21,Italy,23
01/07/21,Italy,18
01/08/21,Italy,9
01/09/21,Italy,19
01/10/21,Italy,40
01/01/04,Mexico,100
01/02/04,Mexico,0
01/03/04,Mexico,0
01/04/04,Mexico,94
01/05/04,Mexico,0
01/06/04,Mexico,0
01/07/04,Mexico,0
01/08/04,Mexico,0
01/09/04,Mexico,0
01/10/04,Mexico,0
01/11/04,Mexico,0
01/12/04,Mexico,0
01/01/05,Mexico,54
01/02/05,Mexico,0
01/03/05,Mexico,48
01/04/05,Mexico,0
01/05/05,Mexico,0
01/06/05,Mexico,0
01/07/05,Mexico,0
01/08/05,Mexico,40
01/09/05,Mexico,0
01/10/05,Mexico,0
01/11/05,Mexico,0
01/12/05,Mexico,39
01/01/06,Mexico,0
01/02/06,Mexico,0
01/03/06,Mexico,0
01/04/06,Mexico,0
01/05/06,Mexico,0
01/06/06,Mexico,0
01/07/06,Mexico,28
01/08/06,Mexico,0
01/09/06,Mexico,0
01/10/06,Mexico,0
01/11/06,Mexico,20
01/12/06,Mexico,0
01/01/07,Mexico,0
01/02/07,Mexico,37
01/03/07,Mexico,16
01/04/07,Mexico,18
01/05/07,Mexico,0
01/06/07,Mexico,0
01/07/07,Mexico,0
01/08/07,Mexico,25
01/09/07,Mexico,11
01/10/07,Mexico,0
01/11/07,Mexico,33
01/12/07,Mexico,0
01/01/08,Mexico,0
01/02/08,Mexico,21
01/03/08,Mexico,0
01/04/08,Mexico,9
01/05/08,Mexico,18
01/06/08,Mexico,9
01/07/08,Mexico,10
01/08/08,Mexico,18
01/09/08,Mexico,0
01/10/08,Mexico,0
01/11/08,Mexico,0
01/12/08,Mexico,18
01/01/09,Mexico,8
01/02/09,Mexico,0
01/03/09,Mexico,7
01/04/09,Mexico,0
01/05/09,Mexico,0
01/06/09,Mexico,7
01/07/09,Mexico,7
01/08/09,Mexico,21
01/09/09,Mexico,0
01/10/09,Mexico,12
01/11/09,Mexico,20
01/12/09,Mexico,0
01/01/10,Mexico,0
01/02/10,Mexico,7
01/03/10,Mexico,6
01/04/10,Mexico,6
01/05/10,Mexico,6
01/06/10,Mexico,0
01/07/10,Mexico,13
01/08/10,Mexico,0
01/09/10,Mexico,6
01/10/10,Mexico,29
01/11/10,Mexico,6
01/12/10,Mexico,6
01/01/11,Mexico,4
01/02/11,Mexico,7
01/03/11,Mexico,3
01/04/11,Mexico,7
01/05/11,Mexico,6
01/06/11,Mexico,6
01/07/11,Mexico,17
01/08/11,Mexico,9
01/09/11,Mexico,3
01/10/11,Mexico,5
01/11/11,Mexico,3
01/12/11,Mexico,15
01/01/12,Mexico,13
01/02/12,Mexico,16
01/03/12,Mexico,2
01/04/12,Mexico,5
01/05/12,Mexico,17
01/06/12,Mexico,5
01/07/12,Mexico,5
01/08/12,Mexico,2
01/09/12,Mexico,2
01/10/12,Mexico,4
01/11/12,Mexico,9
01/12/12,Mexico,12
01/01/13,Mexico,6
01/02/13,Mexico,17
01/03/13,Mexico,6
01/04/13,Mexico,2
01/05/13,Mexico,6
01/06/13,Mexico,10
01/07/13,Mexico,6
01/08/13,Mexico,7
01/09/13,Mexico,5
01/10/13,Mexico,10
01/11/13,Mexico,9
01/12/13,Mexico,6
01/01/14,Mexico,9
01/02/14,Mexico,6
01/03/14,Mexico,3
01/04/14,Mexico,9
01/05/14,Mexico,8
01/06/14,Mexico,0
01/07/14,Mexico,6
01/08/14,Mexico,13
01/09/14,Mexico,10
01/10/14,Mexico,7
01/11/14,Mexico,5
01/12/14,Mexico,2
01/01/15,Mexico,10
01/02/15,Mexico,2
01/03/15,Mexico,3
01/04/15,Mexico,9
01/05/15,Mexico,5
01/06/15,Mexico,3
01/07/15,Mexico,5
01/08/15,Mexico,5
01/09/15,Mexico,6
01/10/15,Mexico,1
01/11/15,Mexico,9
01/12/15,Mexico,8
01/01/16,Mexico,6
01/02/16,Mexico,6
01/03/16,Mexico,10
01/04/16,Mexico,4
01/05/16,Mexico,3
01/06/16,Mexico,8
01/07/16,Mexico,3
01/08/16,Mexico,8
01/09/16,Mexico,11
01/10/16,Mexico,2
01/11/16,Mexico,8
01/12/16,Mexico,5
01/01/17,Mexico,11
01/02/17,Mexico,8
01/03/17,Mexico,4
01/04/17,Mexico,7
01/05/17,Mexico,11
01/06/17,Mexico,10
01/07/17,Mexico,2
01/08/17,Mexico,11
01/09/17,Mexico,5
01/10/17,Mexico,4
01/11/17,Mexico,15
01/12/17,Mexico,5
01/01/18,Mexico,7
01/02/18,Mexico,3
01/03/18,Mexico,13
01/04/18,Mexico,5
01/05/18,Mexico,7
01/06/18,Mexico,6
01/07/18,Mexico,11
01/08/18,Mexico,16
01/09/18,Mexico,13
01/10/18,Mexico,17
01/11/18,Mexico,18
01/12/18,Mexico,23
01/01/19,Mexico,7
01/02/19,Mexico,20
01/03/19,Mexico,30
01/04/19,Mexico,25
01/05/19,Mexico,17
01/06/19,Mexico,23
01/07/19,Mexico,24
01/08/19,Mexico,26
01/09/19,Mexico,12
01/10/19,Mexico,24
01/11/19,Mexico,28
01/12/19,Mexico,24
01/01/20,Mexico,24
01/02/20,Mexico,27
01/03/20,Mexico,20
01/04/20,Mexico,19
01/05/20,Mexico,20
01/06/20,Mexico,14
01/07/20,Mexico,46
01/08/20,Mexico,35
01/09/20,Mexico,23
01/10/20,Mexico,23
01/11/20,Mexico,27
01/12/20,Mexico,17
01/01/21,Mexico,20
01/02/21,Mexico,20
01/03/21,Mexico,21
01/04/21,Mexico,20
01/05/21,Mexico,28
01/06/21,Mexico,22
01/07/21,Mexico,28
01/08/21,Mexico,25
01/09/21,Mexico,19
01/10/21,Mexico,26
01/01/04,Peru,0
01/02/04,Peru,100
01/03/04,Peru,0
01/04/04,Peru,0
01/05/04,Peru,0
01/06/04,Peru,0
01/07/04,Peru,0
01/08/04,Peru,0
01/09/04,Peru,0
01/10/04,Peru,0
01/11/04,Peru,0
01/12/04,Peru,0
01/01/05,Peru,0
01/02/05,Peru,0
01/03/05,Peru,38
01/04/05,Peru,0
01/05/05,Peru,0
01/06/05,Peru,0
01/07/05,Peru,0
01/08/05,Peru,0
01/09/05,Peru,0
01/10/05,Peru,0
01/11/05,Peru,0
01/12/05,Peru,0
01/01/06,Peru,0
01/02/06,Peru,0
01/03/06,Peru,0
01/04/06,Peru,0
01/05/06,Peru,0
01/06/06,Peru,21
01/07/06,Peru,0
01/08/06,Peru,0
01/09/06,Peru,0
01/10/06,Peru,0
01/11/06,Peru,0
01/12/06,Peru,19
01/01/07,Peru,0
01/02/07,Peru,0
01/03/07,Peru,17
01/04/07,Peru,17
01/05/07,Peru,14
01/06/07,Peru,0
01/07/07,Peru,14
01/08/07,Peru,13
01/09/07,Peru,0
01/10/07,Peru,12
01/11/07,Peru,0
01/12/07,Peru,0
01/01/08,Peru,0
01/02/08,Peru,0
01/03/08,Peru,0
01/04/08,Peru,0
01/05/08,Peru,0
01/06/08,Peru,0
01/07/08,Peru,0
01/08/08,Peru,0
01/09/08,Peru,0
01/10/08,Peru,0
01/11/08,Peru,0
01/12/08,Peru,0
01/01/09,Peru,0
01/02/09,Peru,0
01/03/09,Peru,0
01/04/09,Peru,0
01/05/09,Peru,10
01/06/09,Peru,0
01/07/09,Peru,0
01/08/09,Peru,0
01/09/09,Peru,0
01/10/09,Peru,9
01/11/09,Peru,0
01/12/09,Peru,0
01/01/10,Peru,10
01/02/10,Peru,11
01/03/10,Peru,18
01/04/10,Peru,0
01/05/10,Peru,0
01/06/10,Peru,9
01/07/10,Peru,0
01/08/10,Peru,0
01/09/10,Peru,0
01/10/10,Peru,8
01/11/10,Peru,0
01/12/10,Peru,18
01/01/11,Peru,0
01/02/11,Peru,0
01/03/11,Peru,0
01/04/11,Peru,5
01/05/11,Peru,0
01/06/11,Peru,0
01/07/11,Peru,5
01/08/11,Peru,4
01/09/11,Peru,4
01/10/11,Peru,4
01/11/11,Peru,4
01/12/11,Peru,0
01/01/12,Peru,4
01/02/12,Peru,0
01/03/12,Peru,0
01/04/12,Peru,0
01/05/12,Peru,0
01/06/12,Peru,4
01/07/12,Peru,4
01/08/12,Peru,4
01/09/12,Peru,4
01/10/12,Peru,3
01/11/12,Peru,7
01/12/12,Peru,4
01/01/13,Peru,0
01/02/13,Peru,4
01/03/13,Peru,0
01/04/13,Peru,6
01/05/13,Peru,6
01/06/13,Peru,3
01/07/13,Peru,0
01/08/13,Peru,0
01/09/13,Peru,3
01/10/13,Peru,3
01/11/13,Peru,0
01/12/13,Peru,3
01/01/14,Peru,0
01/02/14,Peru,4
01/03/14,Peru,6
01/04/14,Peru,0
01/05/14,Peru,0
01/06/14,Peru,6
01/07/14,Peru,6
01/08/14,Peru,9
01/09/14,Peru,3
01/10/14,Peru,0
01/11/14,Peru,3
01/12/14,Peru,0
01/01/15,Peru,3
01/02/15,Peru,3
01/03/15,Peru,0
01/04/15,Peru,3
01/05/15,Peru,3
01/06/15,Peru,3
01/07/15,Peru,6
01/08/15,Peru,3
01/09/15,Peru,0
01/10/15,Peru,0
01/11/15,Peru,5
01/12/15,Peru,0
01/01/16,Peru,0
01/02/16,Peru,3
01/03/16,Peru,0
01/04/16,Peru,2
01/05/16,Peru,0
01/06/16,Peru,2
01/07/16,Peru,3
01/08/16,Peru,0
01/09/16,Peru,3
01/10/16,Peru,7
01/11/16,Peru,2
01/12/16,Peru,0
01/01/17,Peru,5
01/02/17,Peru,0
01/03/17,Peru,3
01/04/17,Peru,3
01/05/17,Peru,7
01/06/17,Peru,5
01/07/17,Peru,8
01/08/17,Peru,5
01/09/17,Peru,5
01/10/17,Peru,5
01/11/17,Peru,2
01/12/17,Peru,5
01/01/18,Peru,0
01/02/18,Peru,3
01/03/18,Peru,0
01/04/18,Peru,2
01/05/18,Peru,2
01/06/18,Peru,9
01/07/18,Peru,0
01/08/18,Peru,2
01/09/18,Peru,7
01/10/18,Peru,2
01/11/18,Peru,2
01/12/18,Peru,3
01/01/19,Peru,5
01/02/19,Peru,0
01/03/19,Peru,0
01/04/19,Peru,0
01/05/19,Peru,5
01/06/19,Peru,2
01/07/19,Peru,0
01/08/19,Peru,0
01/09/19,Peru,4
01/10/19,Peru,9
01/11/19,Peru,4
01/12/19,Peru,0
01/01/20,Peru,5
01/02/20,Peru,10
01/03/20,Peru,6
01/04/20,Peru,14
01/05/20,Peru,8
01/06/20,Peru,8
01/07/20,Peru,7
01/08/20,Peru,7
01/09/20,Peru,9
01/10/20,Peru,0
01/11/20,Peru,2
01/12/20,Peru,0
01/01/21,Peru,7
01/02/21,Peru,0
01/03/21,Peru,4
01/04/21,Peru,7
01/05/21,Peru,16
01/06/21,Peru,12
01/07/21,Peru,6
01/08/21,Peru,2
01/09/21,Peru,4
01/10/21,Peru,0
01/01/04,Philippines,0
01/02/04,Philippines,31
01/03/04,Philippines,0
01/04/04,Philippines,0
01/05/04,Philippines,66
01/06/04,Philippines,0
01/07/04,Philippines,0
01/08/04,Philippines,0
01/09/04,Philippines,44
01/10/04,Philippines,25
01/11/04,Philippines,0
01/12/04,Philippines,56
01/01/05,Philippines,41
01/02/05,Philippines,43
01/03/05,Philippines,0
01/04/05,Philippines,0
01/05/05,Philippines,47
01/06/05,Philippines,19
01/07/05,Philippines,0
01/08/05,Philippines,0
01/09/05,Philippines,0
01/10/05,Philippines,0
01/11/05,Philippines,0
01/12/05,Philippines,0
01/01/06,Philippines,40
01/02/06,Philippines,0
01/03/06,Philippines,0
01/04/06,Philippines,0
01/05/06,Philippines,30
01/06/06,Philippines,0
01/07/06,Philippines,11
01/08/06,Philippines,0
01/09/06,Philippines,22
01/10/06,Philippines,0
01/11/06,Philippines,10
01/12/06,Philippines,23
01/01/07,Philippines,0
01/02/07,Philippines,0
01/03/07,Philippines,0
01/04/07,Philippines,0
01/05/07,Philippines,16
01/06/07,Philippines,28
01/07/07,Philippines,0
01/08/07,Philippines,18
01/09/07,Philippines,11
01/10/07,Philippines,17
01/11/07,Philippines,11
01/12/07,Philippines,6
01/01/08,Philippines,10
01/02/08,Philippines,10
01/03/08,Philippines,0
01/04/08,Philippines,40
01/05/08,Philippines,11
01/06/08,Philippines,19
01/07/08,Philippines,17
01/08/08,Philippines,9
01/09/08,Philippines,9
01/10/08,Philippines,12
01/11/08,Philippines,9
01/12/08,Philippines,0
01/01/09,Philippines,8
01/02/09,Philippines,4
01/03/09,Philippines,4
01/04/09,Philippines,9
01/05/09,Philippines,12
01/06/09,Philippines,7
01/07/09,Philippines,7
01/08/09,Philippines,15
01/09/09,Philippines,16
01/10/09,Philippines,7
01/11/09,Philippines,7
01/12/09,Philippines,12
01/01/10,Philippines,13
01/02/10,Philippines,3
01/03/10,Philippines,6
01/04/10,Philippines,0
01/05/10,Philippines,15
01/06/10,Philippines,3
01/07/10,Philippines,17
01/08/10,Philippines,3
01/09/10,Philippines,3
01/10/10,Philippines,9
01/11/10,Philippines,17
01/12/10,Philippines,6
01/01/11,Philippines,8
01/02/11,Philippines,6
01/03/11,Philippines,7
01/04/11,Philippines,4
01/05/11,Philippines,3
01/06/11,Philippines,5
01/07/11,Philippines,10
01/08/11,Philippines,3
01/09/11,Philippines,4
01/10/11,Philippines,8
01/11/11,Philippines,5
01/12/11,Philippines,3
01/01/12,Philippines,3
01/02/12,Philippines,5
01/03/12,Philippines,7
01/04/12,Philippines,6
01/05/12,Philippines,7
01/06/12,Philippines,6
01/07/12,Philippines,6
01/08/12,Philippines,6
01/09/12,Philippines,5
01/10/12,Philippines,8
01/11/12,Philippines,2
01/12/12,Philippines,7
01/01/13,Philippines,6
01/02/13,Philippines,6
01/03/13,Philippines,7
01/04/13,Philippines,4
01/05/13,Philippines,6
01/06/13,Philippines,4
01/07/13,Philippines,5
01/08/13,Philippines,7
01/09/13,Philippines,6
01/10/13,Philippines,4
01/11/13,Philippines,4
01/12/13,Philippines,4
01/01/14,Philippines,5
01/02/14,Philippines,3
01/03/14,Philippines,4
01/04/14,Philippines,6
01/05/14,Philippines,5
01/06/14,Philippines,3
01/07/14,Philippines,5
01/08/14,Philippines,6
01/09/14,Philippines,6
01/10/14,Philippines,7
01/11/14,Philippines,5
01/12/14,Philippines,3
01/01/15,Philippines,8
01/02/15,Philippines,5
01/03/15,Philippines,4
01/04/15,Philippines,4
01/05/15,Philippines,4
01/06/15,Philippines,3
01/07/15,Philippines,6
01/08/15,Philippines,5
01/09/15,Philippines,4
01/10/15,Philippines,5
01/11/15,Philippines,3
01/12/15,Philippines,2
01/01/16,Philippines,7
01/02/16,Philippines,5
01/03/16,Philippines,6
01/04/16,Philippines,5
01/05/16,Philippines,5
01/06/16,Philippines,7
01/07/16,Philippines,4
01/08/16,Philippines,9
01/09/16,Philippines,5
01/10/16,Philippines,4
01/11/16,Philippines,4
01/12/16,Philippines,4
01/01/17,Philippines,6
01/02/17,Philippines,7
01/03/17,Philippines,9
01/04/17,Philippines,6
01/05/17,Philippines,4
01/06/17,Philippines,5
01/07/17,Philippines,5
01/08/17,Philippines,4
01/09/17,Philippines,6
01/10/17,Philippines,8
01/11/17,Philippines,5
01/12/17,Philippines,5
01/01/18,Philippines,4
01/02/18,Philippines,4
01/03/18,Philippines,5
01/04/18,Philippines,2
01/05/18,Philippines,5
01/06/18,Philippines,3
01/07/18,Philippines,4
01/08/18,Philippines,7
01/09/18,Philippines,4
01/10/18,Philippines,7
01/11/18,Philippines,4
01/12/18,Philippines,4
01/01/19,Philippines,4
01/02/19,Philippines,7
01/03/19,Philippines,6
01/04/19,Philippines,3
01/05/19,Philippines,4
01/06/19,Philippines,4
01/07/19,Philippines,5
01/08/19,Philippines,4
01/09/19,Philippines,5
01/10/19,Philippines,5
01/11/19,Philippines,5
01/12/19,Philippines,4
01/01/20,Philippines,7
01/02/20,Philippines,6
01/03/20,Philippines,14
01/04/20,Philippines,26
01/05/20,Philippines,43
01/06/20,Philippines,39
01/07/20,Philippines,36
01/08/20,Philippines,60
01/09/20,Philippines,81
01/10/20,Philippines,78
01/11/20,Philippines,63
01/12/20,Philippines,63
01/01/21,Philippines,71
01/02/21,Philippines,100
01/03/21,Philippines,75
01/04/21,Philippines,91
01/05/21,Philippines,85
01/06/21,Philippines,76
01/07/21,Philippines,35
01/08/21,Philippines,32
01/09/21,Philippines,63
01/10/21,Philippines,74
01/01/04,Poland,0
01/02/04,Poland,0
01/03/04,Poland,0
01/04/04,Poland,0
01/05/04,Poland,100
01/06/04,Poland,0
01/07/04,Poland,0
01/08/04,Poland,100
01/09/04,Poland,0
01/10/04,Poland,0
01/11/04,Poland,0
01/12/04,Poland,0
01/01/05,Poland,0
01/02/05,Poland,53
01/03/05,Poland,46
01/04/05,Poland,51
01/05/05,Poland,0
01/06/05,Poland,44
01/07/05,Poland,0
01/08/05,Poland,0
01/09/05,Poland,0
01/10/05,Poland,36
01/11/05,Poland,68
01/12/05,Poland,64
01/01/06,Poland,0
01/02/06,Poland,0
01/03/06,Poland,49
01/04/06,Poland,0
01/05/06,Poland,0
01/06/06,Poland,27
01/07/06,Poland,29
01/08/06,Poland,0
01/09/06,Poland,46
01/10/06,Poland,41
01/11/06,Poland,19
01/12/06,Poland,19
01/01/07,Poland,48
01/02/07,Poland,68
01/03/07,Poland,75
01/04/07,Poland,0
01/05/07,Poland,41
01/06/07,Poland,15
01/07/07,Poland,0
01/08/07,Poland,30
01/09/07,Poland,27
01/10/07,Poland,0
01/11/07,Poland,0
01/12/07,Poland,12
01/01/08,Poland,11
01/02/08,Poland,0
01/03/08,Poland,0
01/04/08,Poland,11
01/05/08,Poland,0
01/06/08,Poland,12
01/07/08,Poland,12
01/08/08,Poland,0
01/09/08,Poland,11
01/10/08,Poland,0
01/11/08,Poland,19
01/12/08,Poland,10
01/01/09,Poland,0
01/02/09,Poland,19
01/03/09,Poland,8
01/04/09,Poland,10
01/05/09,Poland,17
01/06/09,Poland,9
01/07/09,Poland,10
01/08/09,Poland,19
01/09/09,Poland,9
01/10/09,Poland,16
01/11/09,Poland,16
01/12/09,Poland,16
01/01/10,Poland,7
01/02/10,Poland,16
01/03/10,Poland,15
01/04/10,Poland,0
01/05/10,Poland,23
01/06/10,Poland,17
01/07/10,Poland,9
01/08/10,Poland,0
01/09/10,Poland,38
01/10/10,Poland,14
01/11/10,Poland,46
01/12/10,Poland,7
01/01/11,Poland,15
01/02/11,Poland,5
01/03/11,Poland,19
01/04/11,Poland,27
01/05/11,Poland,0
01/06/11,Poland,0
01/07/11,Poland,27
01/08/11,Poland,27
01/09/11,Poland,20
01/10/11,Poland,14
01/11/11,Poland,19
01/12/11,Poland,9
01/01/12,Poland,12
01/02/12,Poland,17
01/03/12,Poland,25
01/04/12,Poland,14
01/05/12,Poland,0
01/06/12,Poland,5
01/07/12,Poland,0
01/08/12,Poland,5
01/09/12,Poland,32
01/10/12,Poland,28
01/11/12,Poland,12
01/12/12,Poland,4
01/01/13,Poland,14
01/02/13,Poland,19
01/03/13,Poland,11
01/04/13,Poland,7
01/05/13,Poland,8
01/06/13,Poland,4
01/07/13,Poland,8
01/08/13,Poland,12
01/09/13,Poland,15
01/10/13,Poland,17
01/11/13,Poland,10
01/12/13,Poland,14
01/01/14,Poland,9
01/02/14,Poland,3
01/03/14,Poland,10
01/04/14,Poland,17
01/05/14,Poland,24
01/06/14,Poland,4
01/07/14,Poland,12
01/08/14,Poland,8
01/09/14,Poland,15
01/10/14,Poland,7
01/11/14,Poland,24
01/12/14,Poland,30
01/01/15,Poland,6
01/02/15,Poland,23
01/03/15,Poland,6
01/04/15,Poland,3
01/05/15,Poland,9
01/06/15,Poland,16
01/07/15,Poland,10
01/08/15,Poland,17
01/09/15,Poland,25
01/10/15,Poland,12
01/11/15,Poland,23
01/12/15,Poland,12
01/01/16,Poland,17
01/02/16,Poland,15
01/03/16,Poland,15
01/04/16,Poland,12
01/05/16,Poland,9
01/06/16,Poland,6
01/07/16,Poland,7
01/08/16,Poland,11
01/09/16,Poland,17
01/10/16,Poland,25
01/11/16,Poland,22
01/12/16,Poland,28
01/01/17,Poland,11
01/02/17,Poland,15
01/03/17,Poland,14
01/04/17,Poland,15
01/05/17,Poland,15
01/06/17,Poland,9
01/07/17,Poland,9
01/08/17,Poland,15
01/09/17,Poland,12
01/10/17,Poland,8
01/11/17,Poland,8
01/12/17,Poland,14
01/01/18,Poland,18
01/02/18,Poland,3
01/03/18,Poland,21
01/04/18,Poland,11
01/05/18,Poland,11
01/06/18,Poland,11
01/07/18,Poland,14
01/08/18,Poland,3
01/09/18,Poland,8
01/10/18,Poland,13
01/11/18,Poland,16
01/12/18,Poland,14
01/01/19,Poland,13
01/02/19,Poland,17
01/03/19,Poland,8
01/04/19,Poland,19
01/05/19,Poland,8
01/06/19,Poland,11
01/07/19,Poland,8
01/08/19,Poland,8
01/09/19,Poland,3
01/10/19,Poland,12
01/11/19,Poland,25
01/12/19,Poland,10
01/01/20,Poland,7
01/02/20,Poland,14
01/03/20,Poland,51
01/04/20,Poland,38
01/05/20,Poland,31
01/06/20,Poland,33
01/07/20,Poland,12
01/08/20,Poland,12
01/09/20,Poland,15
01/10/20,Poland,35
01/11/20,Poland,36
01/12/20,Poland,16
01/01/21,Poland,18
01/02/21,Poland,10
01/03/21,Poland,31
01/04/21,Poland,26
01/05/21,Poland,12
01/06/21,Poland,13
01/07/21,Poland,8
01/08/21,Poland,10
01/09/21,Poland,3
01/10/21,Poland,0
01/01/04,Russia,100
01/02/04,Russia,0
01/03/04,Russia,0
01/04/04,Russia,85
01/05/04,Russia,0
01/06/04,Russia,0
01/07/04,Russia,0
01/08/04,Russia,0
01/09/04,Russia,0
01/10/04,Russia,0
01/11/04,Russia,66
01/12/04,Russia,0
01/01/05,Russia,0
01/02/05,Russia,58
01/03/05,Russia,46
01/04/05,Russia,0
01/05/05,Russia,0
01/06/05,Russia,0
01/07/05,Russia,0
01/08/05,Russia,0
01/09/05,Russia,43
01/10/05,Russia,0
01/11/05,Russia,0
01/12/05,Russia,33
01/01/06,Russia,0
01/02/06,Russia,33
01/03/06,Russia,0
01/04/06,Russia,0
01/05/06,Russia,0
01/06/06,Russia,0
01/07/06,Russia,0
01/08/06,Russia,0
01/09/06,Russia,0
01/10/06,Russia,0
01/11/06,Russia,0
01/12/06,Russia,0
01/01/07,Russia,0
01/02/07,Russia,32
01/03/07,Russia,0
01/04/07,Russia,0
01/05/07,Russia,12
01/06/07,Russia,13
01/07/07,Russia,0
01/08/07,Russia,0
01/09/07,Russia,0
01/10/07,Russia,0
01/11/07,Russia,0
01/12/07,Russia,0
01/01/08,Russia,0
01/02/08,Russia,0
01/03/08,Russia,0
01/04/08,Russia,0
01/05/08,Russia,0
01/06/08,Russia,0
01/07/08,Russia,0
01/08/08,Russia,0
01/09/08,Russia,0
01/10/08,Russia,5
01/11/08,Russia,0
01/12/08,Russia,5
01/01/09,Russia,5
01/02/09,Russia,5
01/03/09,Russia,0
01/04/09,Russia,0
01/05/09,Russia,0
01/06/09,Russia,5
01/07/09,Russia,0
01/08/09,Russia,5
01/09/09,Russia,0
01/10/09,Russia,0
01/11/09,Russia,4
01/12/09,Russia,0
01/01/10,Russia,8
01/02/10,Russia,0
01/03/10,Russia,0
01/04/10,Russia,4
01/05/10,Russia,0
01/06/10,Russia,0
01/07/10,Russia,4
01/08/10,Russia,0
01/09/10,Russia,0
01/10/10,Russia,3
01/11/10,Russia,0
01/12/10,Russia,0
01/01/11,Russia,1
01/02/11,Russia,1
01/03/11,Russia,0
01/04/11,Russia,2
01/05/11,Russia,1
01/06/11,Russia,1
01/07/11,Russia,4
01/08/11,Russia,0
01/09/11,Russia,0
01/10/11,Russia,1
01/11/11,Russia,0
01/12/11,Russia,1
01/01/12,Russia,3
01/02/12,Russia,1
01/03/12,Russia,3
01/04/12,Russia,2
01/05/12,Russia,0
01/06/12,Russia,0
01/07/12,Russia,1
01/08/12,Russia,2
01/09/12,Russia,1
01/10/12,Russia,2
01/11/12,Russia,0
01/12/12,Russia,2
01/01/13,Russia,0
01/02/13,Russia,0
01/03/13,Russia,1
01/04/13,Russia,0
01/05/13,Russia,1
01/06/13,Russia,0
01/07/13,Russia,1
01/08/13,Russia,1
01/09/13,Russia,0
01/10/13,Russia,2
01/11/13,Russia,0
01/12/13,Russia,1
01/01/14,Russia,1
01/02/14,Russia,0
01/03/14,Russia,1
01/04/14,Russia,1
01/05/14,Russia,0
01/06/14,Russia,0
01/07/14,Russia,0
01/08/14,Russia,0
01/09/14,Russia,1
01/10/14,Russia,1
01/11/14,Russia,0
01/12/14,Russia,1
01/01/15,Russia,1
01/02/15,Russia,1
01/03/15,Russia,1
01/04/15,Russia,1
01/05/15,Russia,1
01/06/15,Russia,1
01/07/15,Russia,1
01/08/15,Russia,1
01/09/15,Russia,1
01/10/15,Russia,1
01/11/15,Russia,1
01/12/15,Russia,0
01/01/16,Russia,0
01/02/16,Russia,1
01/03/16,Russia,0
01/04/16,Russia,1
01/05/16,Russia,2
01/06/16,Russia,2
01/07/16,Russia,1
01/08/16,Russia,1
01/09/16,Russia,0
01/10/16,Russia,1
01/11/16,Russia,2
01/12/16,Russia,1
01/01/17,Russia,0
01/02/17,Russia,1
01/03/17,Russia,1
01/04/17,Russia,1
01/05/17,Russia,1
01/06/17,Russia,1
01/07/17,Russia,1
01/08/17,Russia,1
01/09/17,Russia,1
01/10/17,Russia,0
01/11/17,Russia,1
01/12/17,Russia,1
01/01/18,Russia,1
01/02/18,Russia,1
01/03/18,Russia,1
01/04/18,Russia,1
01/05/18,Russia,1
01/06/18,Russia,0
01/07/18,Russia,1
01/08/18,Russia,2
01/09/18,Russia,1
01/10/18,Russia,1
01/11/18,Russia,1
01/12/18,Russia,2
01/01/19,Russia,1
01/02/19,Russia,1
01/03/19,Russia,2
01/04/19,Russia,3
01/05/19,Russia,2
01/06/19,Russia,2
01/07/19,Russia,1
01/08/19,Russia,2
01/09/19,Russia,2
01/10/19,Russia,1
01/11/19,Russia,1
01/12/19,Russia,1
01/01/20,Russia,0
01/02/20,Russia,1
01/03/20,Russia,1
01/04/20,Russia,2
01/05/20,Russia,2
01/06/20,Russia,1
01/07/20,Russia,1
01/08/20,Russia,2
01/09/20,Russia,1
01/10/20,Russia,0
01/11/20,Russia,1
01/12/20,Russia,2
01/01/21,Russia,2
01/02/21,Russia,2
01/03/21,Russia,1
01/04/21,Russia,2
01/05/21,Russia,1
01/06/21,Russia,2
01/07/21,Russia,0
01/08/21,Russia,2
01/09/21,Russia,2
01/10/21,Russia,0
01/01/04,South Africa,0
01/02/04,South Africa,82
01/03/04,South Africa,100
01/04/04,South Africa,0
01/05/04,South Africa,0
01/06/04,South Africa,69
01/07/04,South Africa,0
01/08/04,South Africa,58
01/09/04,South Africa,58
01/10/04,South Africa,0
01/11/04,South Africa,0
01/12/04,South Africa,0
01/01/05,South Africa,0
01/02/05,South Africa,49
01/03/05,South Africa,0
01/04/05,South Africa,0
01/05/05,South Africa,0
01/06/05,South Africa,0
01/07/05,South Africa,0
01/08/05,South Africa,0
01/09/05,South Africa,0
01/10/05,South Africa,30
01/11/05,South Africa,33
01/12/05,South Africa,0
01/01/06,South Africa,59
01/02/06,South Africa,0
01/03/06,South Africa,0
01/04/06,South Africa,0
01/05/06,South Africa,22
01/06/06,South Africa,0
01/07/06,South Africa,22
01/08/06,South Africa,19
01/09/06,South Africa,21
01/10/06,South Africa,0
01/11/06,South Africa,19
01/12/06,South Africa,0
01/01/07,South Africa,17
01/02/07,South Africa,0
01/03/07,South Africa,0
01/04/07,South Africa,0
01/05/07,South Africa,25
01/06/07,South Africa,14
01/07/07,South Africa,12
01/08/07,South Africa,11
01/09/07,South Africa,0
01/10/07,South Africa,0
01/11/07,South Africa,31
01/12/07,South Africa,15
01/01/08,South Africa,10
01/02/08,South Africa,19
01/03/08,South Africa,10
01/04/08,South Africa,9
01/05/08,South Africa,0
01/06/08,South Africa,9
01/07/08,South Africa,9
01/08/08,South Africa,17
01/09/08,South Africa,9
01/10/08,South Africa,23
01/11/08,South Africa,27
01/12/08,South Africa,12
01/01/09,South Africa,0
01/02/09,South Africa,0
01/03/09,South Africa,8
01/04/09,South Africa,0
01/05/09,South Africa,8
01/06/09,South Africa,16
01/07/09,South Africa,14
01/08/09,South Africa,0
01/09/09,South Africa,22
01/10/09,South Africa,7
01/11/09,South Africa,35
01/12/09,South Africa,19
01/01/10,South Africa,15
01/02/10,South Africa,14
01/03/10,South Africa,0
01/04/10,South Africa,16
01/05/10,South Africa,23
01/06/10,South Africa,25
01/07/10,South Africa,20
01/08/10,South Africa,13
01/09/10,South Africa,21
01/10/10,South Africa,7
01/11/10,South Africa,28
01/12/10,South Africa,18
01/01/11,South Africa,11
01/02/11,South Africa,11
01/03/11,South Africa,10
01/04/11,South Africa,23
01/05/11,South Africa,10
01/06/11,South Africa,10
01/07/11,South Africa,0
01/08/11,South Africa,12
01/09/11,South Africa,9
01/10/11,South Africa,9
01/11/11,South Africa,14
01/12/11,South Africa,17
01/01/12,South Africa,13
01/02/12,South Africa,3
01/03/12,South Africa,10
01/04/12,South Africa,19
01/05/12,South Africa,14
01/06/12,South Africa,20
01/07/12,South Africa,14
01/08/12,South Africa,22
01/09/12,South Africa,9
01/10/12,South Africa,10
01/11/12,South Africa,9
01/12/12,South Africa,11
01/01/13,South Africa,11
01/02/13,South Africa,21
01/03/13,South Africa,11
01/04/13,South Africa,32
01/05/13,South Africa,17
01/06/13,South Africa,17
01/07/13,South Africa,2
01/08/13,South Africa,16
01/09/13,South Africa,13
01/10/13,South Africa,10
01/11/13,South Africa,5
01/12/13,South Africa,5
01/01/14,South Africa,12
01/02/14,South Africa,15
01/03/14,South Africa,12
01/04/14,South Africa,16
01/05/14,South Africa,16
01/06/14,South Africa,10
01/07/14,South Africa,24
01/08/14,South Africa,15
01/09/14,South Africa,19
01/10/14,South Africa,11
01/11/14,South Africa,5
01/12/14,South Africa,12
01/01/15,South Africa,10
01/02/15,South Africa,6
01/03/15,South Africa,11
01/04/15,South Africa,10
01/05/15,South Africa,14
01/06/15,South Africa,7
01/07/15,South Africa,6
01/08/15,South Africa,8
01/09/15,South Africa,14
01/10/15,South Africa,12
01/11/15,South Africa,8
01/12/15,South Africa,14
01/01/16,South Africa,11
01/02/16,South Africa,9
01/03/16,South Africa,15
01/04/16,South Africa,10
01/05/16,South Africa,10
01/06/16,South Africa,3
01/07/16,South Africa,8
01/08/16,South Africa,10
01/09/16,South Africa,11
01/10/16,South Africa,12
01/11/16,South Africa,4
01/12/16,South Africa,9
01/01/17,South Africa,13
01/02/17,South Africa,7
01/03/17,South Africa,12
01/04/17,South Africa,12
01/05/17,South Africa,20
01/06/17,South Africa,16
01/07/17,South Africa,9
01/08/17,South Africa,17
01/09/17,South Africa,14
01/10/17,South Africa,16
01/11/17,South Africa,23
01/12/17,South Africa,8
01/01/18,South Africa,14
01/02/18,South Africa,11
01/03/18,South Africa,12
01/04/18,South Africa,16
01/05/18,South Africa,15
01/06/18,South Africa,10
01/07/18,South Africa,11
01/08/18,South Africa,12
01/09/18,South Africa,15
01/10/18,South Africa,15
01/11/18,South Africa,11
01/12/18,South Africa,7
01/01/19,South Africa,19
01/02/19,South Africa,12
01/03/19,South Africa,14
01/04/19,South Africa,21
01/05/19,South Africa,15
01/06/19,South Africa,20
01/07/19,South Africa,10
01/08/19,South Africa,14
01/09/19,South Africa,18
01/10/19,South Africa,33
01/11/19,South Africa,14
01/12/19,South Africa,6
01/01/20,South Africa,11
01/02/20,South Africa,18
01/03/20,South Africa,38
01/04/20,South Africa,74
01/05/20,South Africa,79
01/06/20,South Africa,50
01/07/20,South Africa,45
01/08/20,South Africa,56
01/09/20,South Africa,41
01/10/20,South Africa,41
01/11/20,South Africa,26
01/12/20,South Africa,19
01/01/21,South Africa,23
01/02/21,South Africa,23
01/03/21,South Africa,23
01/04/21,South Africa,19
01/05/21,South Africa,48
01/06/21,South Africa,32
01/07/21,South Africa,26
01/08/21,South Africa,30
01/09/21,South Africa,29
01/10/21,South Africa,33
01/01/04,Spain,53
01/02/04,Spain,0
01/03/04,Spain,0
01/04/04,Spain,0
01/05/04,Spain,87
01/06/04,Spain,0
01/07/04,Spain,0
01/08/04,Spain,55
01/09/04,Spain,0
01/10/04,Spain,41
01/11/04,Spain,0
01/12/04,Spain,39
01/01/05,Spain,33
01/02/05,Spain,34
01/03/05,Spain,30
01/04/05,Spain,0
01/05/05,Spain,57
01/06/05,Spain,29
01/07/05,Spain,0
01/08/05,Spain,69
01/09/05,Spain,26
01/10/05,Spain,72
01/11/05,Spain,0
01/12/05,Spain,24
01/01/06,Spain,0
01/02/06,Spain,21
01/03/06,Spain,18
01/04/06,Spain,20
01/05/06,Spain,17
01/06/06,Spain,18
01/07/06,Spain,0
01/08/06,Spain,0
01/09/06,Spain,17
01/10/06,Spain,15
01/11/06,Spain,14
01/12/06,Spain,0
01/01/07,Spain,13
01/02/07,Spain,14
01/03/07,Spain,37
01/04/07,Spain,0
01/05/07,Spain,11
01/06/07,Spain,46
01/07/07,Spain,12
01/08/07,Spain,0
01/09/07,Spain,21
01/10/07,Spain,19
01/11/07,Spain,9
01/12/07,Spain,0
01/01/08,Spain,18
01/02/08,Spain,27
01/03/08,Spain,27
01/04/08,Spain,34
01/05/08,Spain,16
01/06/08,Spain,9
01/07/08,Spain,18
01/08/08,Spain,21
01/09/08,Spain,40
01/10/08,Spain,14
01/11/08,Spain,15
01/12/08,Spain,31
01/01/09,Spain,14
01/02/09,Spain,22
01/03/09,Spain,33
01/04/09,Spain,42
01/05/09,Spain,25
01/06/09,Spain,25
01/07/09,Spain,20
01/08/09,Spain,22
01/09/09,Spain,12
01/10/09,Spain,22
01/11/09,Spain,17
01/12/09,Spain,12
01/01/10,Spain,32
01/02/10,Spain,33
01/03/10,Spain,15
01/04/10,Spain,16
01/05/10,Spain,15
01/06/10,Spain,16
01/07/10,Spain,16
01/08/10,Spain,41
01/09/10,Spain,39
01/10/10,Spain,19
01/11/10,Spain,5
01/12/10,Spain,14
01/01/11,Spain,30
01/02/11,Spain,41
01/03/11,Spain,12
01/04/11,Spain,13
01/05/11,Spain,16
01/06/11,Spain,17
01/07/11,Spain,23
01/08/11,Spain,15
01/09/11,Spain,21
01/10/11,Spain,27
01/11/11,Spain,19
01/12/11,Spain,24
01/01/12,Spain,18
01/02/12,Spain,26
01/03/12,Spain,22
01/04/12,Spain,30
01/05/12,Spain,35
01/06/12,Spain,46
01/07/12,Spain,8
01/08/12,Spain,17
01/09/12,Spain,37
01/10/12,Spain,53
01/11/12,Spain,60
01/12/12,Spain,53
01/01/13,Spain,38
01/02/13,Spain,61
01/03/13,Spain,35
01/04/13,Spain,41
01/05/13,Spain,33
01/06/13,Spain,46
01/07/13,Spain,27
01/08/13,Spain,7
01/09/13,Spain,38
01/10/13,Spain,82
01/11/13,Spain,52
01/12/13,Spain,25
01/01/14,Spain,32
01/02/14,Spain,37
01/03/14,Spain,25
01/04/14,Spain,12
01/05/14,Spain,38
01/06/14,Spain,20
01/07/14,Spain,28
01/08/14,Spain,15
01/09/14,Spain,39
01/10/14,Spain,48
01/11/14,Spain,33
01/12/14,Spain,25
01/01/15,Spain,23
01/02/15,Spain,48
01/03/15,Spain,34
01/04/15,Spain,14
01/05/15,Spain,28
01/06/15,Spain,32
01/07/15,Spain,21
01/08/15,Spain,15
01/09/15,Spain,30
01/10/15,Spain,33
01/11/15,Spain,34
01/12/15,Spain,33
01/01/16,Spain,9
01/02/16,Spain,36
01/03/16,Spain,23
01/04/16,Spain,32
01/05/16,Spain,20
01/06/16,Spain,27
01/07/16,Spain,16
01/08/16,Spain,25
01/09/16,Spain,34
01/10/16,Spain,48
01/11/16,Spain,39
01/12/16,Spain,24
01/01/17,Spain,16
01/02/17,Spain,32
01/03/17,Spain,18
01/04/17,Spain,17
01/05/17,Spain,16
01/06/17,Spain,32
01/07/17,Spain,6
01/08/17,Spain,12
01/09/17,Spain,22
01/10/17,Spain,26
01/11/17,Spain,18
01/12/17,Spain,11
01/01/18,Spain,25
01/02/18,Spain,38
01/03/18,Spain,20
01/04/18,Spain,36
01/05/18,Spain,12
01/06/18,Spain,40
01/07/18,Spain,15
01/08/18,Spain,16
01/09/18,Spain,15
01/10/18,Spain,27
01/11/18,Spain,32
01/12/18,Spain,8
01/01/19,Spain,21
01/02/19,Spain,18
01/03/19,Spain,27
01/04/19,Spain,22
01/05/19,Spain,21
01/06/19,Spain,25
01/07/19,Spain,12
01/08/19,Spain,20
01/09/19,Spain,34
01/10/19,Spain,71
01/11/19,Spain,28
01/12/19,Spain,20
01/01/20,Spain,21
01/02/20,Spain,35
01/03/20,Spain,100
01/04/20,Spain,85
01/05/20,Spain,63
01/06/20,Spain,47
01/07/20,Spain,24
01/08/20,Spain,22
01/09/20,Spain,50
01/10/20,Spain,39
01/11/20,Spain,33
01/12/20,Spain,27
01/01/21,Spain,24
01/02/21,Spain,21
01/03/21,Spain,22
01/04/21,Spain,32
01/05/21,Spain,34
01/06/21,Spain,41
01/07/21,Spain,22
01/08/21,Spain,13
01/09/21,Spain,11
01/10/21,Spain,13
01/01/04,Turkey,73
01/02/04,Turkey,72
01/03/04,Turkey,0
01/04/04,Turkey,57
01/05/04,Turkey,0
01/06/04,Turkey,100
01/07/04,Turkey,0
01/08/04,Turkey,42
01/09/04,Turkey,0
01/10/04,Turkey,0
01/11/04,Turkey,38
01/12/04,Turkey,0
01/01/05,Turkey,27
01/02/05,Turkey,26
01/03/05,Turkey,39
01/04/05,Turkey,0
01/05/05,Turkey,0
01/06/05,Turkey,19
01/07/05,Turkey,0
01/08/05,Turkey,0
01/09/05,Turkey,15
01/10/05,Turkey,25
01/11/05,Turkey,0
01/12/05,Turkey,10
01/01/06,Turkey,0
01/02/06,Turkey,9
01/03/06,Turkey,0
01/04/06,Turkey,8
01/05/06,Turkey,0
01/06/06,Turkey,14
01/07/06,Turkey,14
01/08/06,Turkey,13
01/09/06,Turkey,6
01/10/06,Turkey,0
01/11/06,Turkey,10
01/12/06,Turkey,14
01/01/07,Turkey,4
01/02/07,Turkey,9
01/03/07,Turkey,18
01/04/07,Turkey,0
01/05/07,Turkey,6
01/06/07,Turkey,3
01/07/07,Turkey,16
01/08/07,Turkey,3
01/09/07,Turkey,3
01/10/07,Turkey,3
01/11/07,Turkey,5
01/12/07,Turkey,5
01/01/08,Turkey,3
01/02/08,Turkey,3
01/03/08,Turkey,3
01/04/08,Turkey,0
01/05/08,Turkey,0
01/06/08,Turkey,5
01/07/08,Turkey,8
01/08/08,Turkey,0
01/09/08,Turkey,5
01/10/08,Turkey,12
01/11/08,Turkey,3
01/12/08,Turkey,5
01/01/09,Turkey,2
01/02/09,Turkey,3
01/03/09,Turkey,2
01/04/09,Turkey,7
01/05/09,Turkey,7
01/06/09,Turkey,0
01/07/09,Turkey,0
01/08/09,Turkey,5
01/09/09,Turkey,5
01/10/09,Turkey,5
01/11/09,Turkey,9
01/12/09,Turkey,2
01/01/10,Turkey,2
01/02/10,Turkey,2
01/03/10,Turkey,4
01/04/10,Turkey,6
01/05/10,Turkey,0
01/06/10,Turkey,2
01/07/10,Turkey,2
01/08/10,Turkey,0
01/09/10,Turkey,2
01/10/10,Turkey,8
01/11/10,Turkey,4
01/12/10,Turkey,2
01/01/11,Turkey,2
01/02/11,Turkey,3
01/03/11,Turkey,2
01/04/11,Turkey,4
01/05/11,Turkey,2
01/06/11,Turkey,0
01/07/11,Turkey,2
01/08/11,Turkey,2
01/09/11,Turkey,2
01/10/11,Turkey,3
01/11/11,Turkey,3
01/12/11,Turkey,2
01/01/12,Turkey,2
01/02/12,Turkey,2
01/03/12,Turkey,2
01/04/12,Turkey,4
01/05/12,Turkey,1
01/06/12,Turkey,1
01/07/12,Turkey,3
01/08/12,Turkey,2
01/09/12,Turkey,1
01/10/12,Turkey,2
01/11/12,Turkey,5
01/12/12,Turkey,5
01/01/13,Turkey,0
01/02/13,Turkey,3
01/03/13,Turkey,2
01/04/13,Turkey,3
01/05/13,Turkey,5
01/06/13,Turkey,1
01/07/13,Turkey,4
01/08/13,Turkey,1
01/09/13,Turkey,2
01/10/13,Turkey,4
01/11/13,Turkey,6
01/12/13,Turkey,2
01/01/14,Turkey,3
01/02/14,Turkey,3
01/03/14,Turkey,2
01/04/14,Turkey,2
01/05/14,Turkey,4
01/06/14,Turkey,3
01/07/14,Turkey,1
01/08/14,Turkey,3
01/09/14,Turkey,4
01/10/14,Turkey,2
01/11/14,Turkey,5
01/12/14,Turkey,2
01/01/15,Turkey,3
01/02/15,Turkey,5
01/03/15,Turkey,2
01/04/15,Turkey,3
01/05/15,Turkey,3
01/06/15,Turkey,2
01/07/15,Turkey,4
01/08/15,Turkey,2
01/09/15,Turkey,2
01/10/15,Turkey,4
01/11/15,Turkey,6
01/12/15,Turkey,1
01/01/16,Turkey,2
01/02/16,Turkey,2
01/03/16,Turkey,2
01/04/16,Turkey,4
01/05/16,Turkey,4
01/06/16,Turkey,1
01/07/16,Turkey,2
01/08/16,Turkey,1
01/09/16,Turkey,1
01/10/16,Turkey,6
01/11/16,Turkey,4
01/12/16,Turkey,2
01/01/17,Turkey,2
01/02/17,Turkey,3
01/03/17,Turkey,2
01/04/17,Turkey,5
01/05/17,Turkey,2
01/06/17,Turkey,2
01/07/17,Turkey,1
01/08/17,Turkey,2
01/09/17,Turkey,5
01/10/17,Turkey,3
01/11/17,Turkey,5
01/12/17,Turkey,4
01/01/18,Turkey,2
01/02/18,Turkey,2
01/03/18,Turkey,3
01/04/18,Turkey,3
01/05/18,Turkey,3
01/06/18,Turkey,2
01/07/18,Turkey,2
01/08/18,Turkey,1
01/09/18,Turkey,3
01/10/18,Turkey,5
01/11/18,Turkey,3
01/12/18,Turkey,3
01/01/19,Turkey,1
01/02/19,Turkey,2
01/03/19,Turkey,2
01/04/19,Turkey,3
01/05/19,Turkey,2
01/06/19,Turkey,0
01/07/19,Turkey,5
01/08/19,Turkey,3
01/09/19,Turkey,2
01/10/19,Turkey,2
01/11/19,Turkey,3
01/12/19,Turkey,3
01/01/20,Turkey,4
01/02/20,Turkey,2
01/03/20,Turkey,5
01/04/20,Turkey,8
01/05/20,Turkey,8
01/06/20,Turkey,8
01/07/20,Turkey,3
01/08/20,Turkey,3
01/09/20,Turkey,7
01/10/20,Turkey,7
01/11/20,Turkey,6
01/12/20,Turkey,5
01/01/21,Turkey,10
01/02/21,Turkey,5
01/03/21,Turkey,4
01/04/21,Turkey,6
01/05/21,Turkey,5
01/06/21,Turkey,5
01/07/21,Turkey,5
01/08/21,Turkey,4
01/09/21,Turkey,3
01/10/21,Turkey,14
01/01/04,Ukraine,0
01/02/04,Ukraine,0
01/03/04,Ukraine,0
01/04/04,Ukraine,0
01/05/04,Ukraine,0
01/06/04,Ukraine,0
01/07/04,Ukraine,0
01/08/04,Ukraine,0
01/09/04,Ukraine,0
01/10/04,Ukraine,0
01/11/04,Ukraine,0
01/12/04,Ukraine,0
01/01/05,Ukraine,0
01/02/05,Ukraine,0
01/03/05,Ukraine,0
01/04/05,Ukraine,0
01/05/05,Ukraine,0
01/06/05,Ukraine,0
01/07/05,Ukraine,0
01/08/05,Ukraine,0
01/09/05,Ukraine,0
01/10/05,Ukraine,0
01/11/05,Ukraine,0
01/12/05,Ukraine,0
01/01/06,Ukraine,0
01/02/06,Ukraine,0
01/03/06,Ukraine,0
01/04/06,Ukraine,0
01/05/06,Ukraine,0
01/06/06,Ukraine,0
01/07/06,Ukraine,0
01/08/06,Ukraine,0
01/09/06,Ukraine,0
01/10/06,Ukraine,0
01/11/06,Ukraine,0
01/12/06,Ukraine,0
01/01/07,Ukraine,0
01/02/07,Ukraine,0
01/03/07,Ukraine,100
01/04/07,Ukraine,0
01/05/07,Ukraine,0
01/06/07,Ukraine,0
01/07/07,Ukraine,0
01/08/07,Ukraine,0
01/09/07,Ukraine,0
01/10/07,Ukraine,0
01/11/07,Ukraine,0
01/12/07,Ukraine,0
01/01/08,Ukraine,0
01/02/08,Ukraine,57
01/03/08,Ukraine,0
01/04/08,Ukraine,0
01/05/08,Ukraine,52
01/06/08,Ukraine,0
01/07/08,Ukraine,0
01/08/08,Ukraine,0
01/09/08,Ukraine,0
01/10/08,Ukraine,0
01/11/08,Ukraine,0
01/12/08,Ukraine,0
01/01/09,Ukraine,40
01/02/09,Ukraine,0
01/03/09,Ukraine,0
01/04/09,Ukraine,0
01/05/09,Ukraine,0
01/06/09,Ukraine,0
01/07/09,Ukraine,0
01/08/09,Ukraine,0
01/09/09,Ukraine,38
01/10/09,Ukraine,0
01/11/09,Ukraine,0
01/12/09,Ukraine,32
01/01/10,Ukraine,0
01/02/10,Ukraine,0
01/03/10,Ukraine,0
01/04/10,Ukraine,35
01/05/10,Ukraine,0
01/06/10,Ukraine,0
01/07/10,Ukraine,0
01/08/10,Ukraine,0
01/09/10,Ukraine,0
01/10/10,Ukraine,0
01/11/10,Ukraine,0
01/12/10,Ukraine,0
01/01/11,Ukraine,0
01/02/11,Ukraine,0
01/03/11,Ukraine,16
01/04/11,Ukraine,9
01/05/11,Ukraine,0
01/06/11,Ukraine,9
01/07/11,Ukraine,0
01/08/11,Ukraine,0
01/09/11,Ukraine,8
01/10/11,Ukraine,15
01/11/11,Ukraine,7
01/12/11,Ukraine,6
01/01/12,Ukraine,6
01/02/12,Ukraine,0
01/03/12,Ukraine,0
01/04/12,Ukraine,6
01/05/12,Ukraine,0
01/06/12,Ukraine,14
01/07/12,Ukraine,0
01/08/12,Ukraine,6
01/09/12,Ukraine,6
01/10/12,Ukraine,10
01/11/12,Ukraine,15
01/12/12,Ukraine,5
01/01/13,Ukraine,9
01/02/13,Ukraine,5
01/03/13,Ukraine,8
01/04/13,Ukraine,0
01/05/13,Ukraine,9
01/06/13,Ukraine,19
01/07/13,Ukraine,5
01/08/13,Ukraine,5
01/09/13,Ukraine,8
01/10/13,Ukraine,8
01/11/13,Ukraine,4
01/12/13,Ukraine,4
01/01/14,Ukraine,7
01/02/14,Ukraine,0
01/03/14,Ukraine,7
01/04/14,Ukraine,7
01/05/14,Ukraine,8
01/06/14,Ukraine,8
01/07/14,Ukraine,8
01/08/14,Ukraine,0
01/09/14,Ukraine,4
01/10/14,Ukraine,0
01/11/14,Ukraine,3
01/12/14,Ukraine,3
01/01/15,Ukraine,0
01/02/15,Ukraine,3
01/03/15,Ukraine,3
01/04/15,Ukraine,0
01/05/15,Ukraine,7
01/06/15,Ukraine,0
01/07/15,Ukraine,4
01/08/15,Ukraine,8
01/09/15,Ukraine,0
01/10/15,Ukraine,3
01/11/15,Ukraine,9
01/12/15,Ukraine,6
01/01/16,Ukraine,3
01/02/16,Ukraine,3
01/03/16,Ukraine,3
01/04/16,Ukraine,6
01/05/16,Ukraine,3
01/06/16,Ukraine,0
01/07/16,Ukraine,3
01/08/16,Ukraine,10
01/09/16,Ukraine,7
01/10/16,Ukraine,12
01/11/16,Ukraine,9
01/12/16,Ukraine,3
01/01/17,Ukraine,3
01/02/17,Ukraine,0
01/03/17,Ukraine,0
01/04/17,Ukraine,6
01/05/17,Ukraine,0
01/06/17,Ukraine,0
01/07/17,Ukraine,3
01/08/17,Ukraine,9
01/09/17,Ukraine,6
01/10/17,Ukraine,5
01/11/17,Ukraine,0
01/12/17,Ukraine,12
01/01/18,Ukraine,2
01/02/18,Ukraine,5
01/03/18,Ukraine,4
01/04/18,Ukraine,8
01/05/18,Ukraine,3
01/06/18,Ukraine,3
01/07/18,Ukraine,13
01/08/18,Ukraine,8
01/09/18,Ukraine,5
01/10/18,Ukraine,12
01/11/18,Ukraine,5
01/12/18,Ukraine,0
01/01/19,Ukraine,2
01/02/19,Ukraine,5
01/03/19,Ukraine,14
01/04/19,Ukraine,13
01/05/19,Ukraine,5
01/06/19,Ukraine,8
01/07/19,Ukraine,5
01/08/19,Ukraine,12
01/09/19,Ukraine,7
01/10/19,Ukraine,2
01/11/19,Ukraine,0
01/12/19,Ukraine,4
01/01/20,Ukraine,4
01/02/20,Ukraine,8
01/03/20,Ukraine,8
01/04/20,Ukraine,13
01/05/20,Ukraine,11
01/06/20,Ukraine,6
01/07/20,Ukraine,6
01/08/20,Ukraine,7
01/09/20,Ukraine,0
01/10/20,Ukraine,6
01/11/20,Ukraine,17
01/12/20,Ukraine,4
01/01/21,Ukraine,4
01/02/21,Ukraine,9
01/03/21,Ukraine,4
01/04/21,Ukraine,11
01/05/21,Ukraine,9
01/06/21,Ukraine,7
01/07/21,Ukraine,7
01/08/21,Ukraine,7
01/09/21,Ukraine,7
01/10/21,Ukraine,0
01/01/04,United Kingdom,69
01/02/04,United Kingdom,50
01/03/04,United Kingdom,81
01/04/04,United Kingdom,38
01/05/04,United Kingdom,37
01/06/04,United Kingdom,73
01/07/04,United Kingdom,81
01/08/04,United Kingdom,56
01/09/04,United Kingdom,66
01/10/04,United Kingdom,46
01/11/04,United Kingdom,45
01/12/04,United Kingdom,63
01/01/05,United Kingdom,71
01/02/05,United Kingdom,50
01/03/05,United Kingdom,38
01/04/05,United Kingdom,42
01/05/05,United Kingdom,34
01/06/05,United Kingdom,31
01/07/05,United Kingdom,59
01/08/05,United Kingdom,35
01/09/05,United Kingdom,49
01/10/05,United Kingdom,70
01/11/05,United Kingdom,36
01/12/05,United Kingdom,32
01/01/06,United Kingdom,47
01/02/06,United Kingdom,48
01/03/06,United Kingdom,47
01/04/06,United Kingdom,51
01/05/06,United Kingdom,37
01/06/06,United Kingdom,38
01/07/06,United Kingdom,33
01/08/06,United Kingdom,30
01/09/06,United Kingdom,39
01/10/06,United Kingdom,56
01/11/06,United Kingdom,48
01/12/06,United Kingdom,39
01/01/07,United Kingdom,48
01/02/07,United Kingdom,49
01/03/07,United Kingdom,45
01/04/07,United Kingdom,37
01/05/07,United Kingdom,47
01/06/07,United Kingdom,40
01/07/07,United Kingdom,31
01/08/07,United Kingdom,35
01/09/07,United Kingdom,38
01/10/07,United Kingdom,39
01/11/07,United Kingdom,40
01/12/07,United Kingdom,38
01/01/08,United Kingdom,56
01/02/08,United Kingdom,38
01/03/08,United Kingdom,45
01/04/08,United Kingdom,38
01/05/08,United Kingdom,45
01/06/08,United Kingdom,39
01/07/08,United Kingdom,23
01/08/08,United Kingdom,27
01/09/08,United Kingdom,38
01/10/08,United Kingdom,39
01/11/08,United Kingdom,38
01/12/08,United Kingdom,33
01/01/09,United Kingdom,41
01/02/09,United Kingdom,42
01/03/09,United Kingdom,30
01/04/09,United Kingdom,43
01/05/09,United Kingdom,31
01/06/09,United Kingdom,37
01/07/09,United Kingdom,26
01/08/09,United Kingdom,34
01/09/09,United Kingdom,44
01/10/09,United Kingdom,47
01/11/09,United Kingdom,54
01/12/09,United Kingdom,42
01/01/10,United Kingdom,46
01/02/10,United Kingdom,41
01/03/10,United Kingdom,40
01/04/10,United Kingdom,39
01/05/10,United Kingdom,35
01/06/10,United Kingdom,41
01/07/10,United Kingdom,38
01/08/10,United Kingdom,34
01/09/10,United Kingdom,33
01/10/10,United Kingdom,44
01/11/10,United Kingdom,40
01/12/10,United Kingdom,30
01/01/11,United Kingdom,43
01/02/11,United Kingdom,36
01/03/11,United Kingdom,41
01/04/11,United Kingdom,36
01/05/11,United Kingdom,44
01/06/11,United Kingdom,39
01/07/11,United Kingdom,34
01/08/11,United Kingdom,38
01/09/11,United Kingdom,45
01/10/11,United Kingdom,49
01/11/11,United Kingdom,36
01/12/11,United Kingdom,33
01/01/12,United Kingdom,44
01/02/12,United Kingdom,45
01/03/12,United Kingdom,47
01/04/12,United Kingdom,29
01/05/12,United Kingdom,46
01/06/12,United Kingdom,31
01/07/12,United Kingdom,36
01/08/12,United Kingdom,44
01/09/12,United Kingdom,46
01/10/12,United Kingdom,43
01/11/12,United Kingdom,46
01/12/12,United Kingdom,36
01/01/13,United Kingdom,39
01/02/13,United Kingdom,45
01/03/13,United Kingdom,37
01/04/13,United Kingdom,40
01/05/13,United Kingdom,46
01/06/13,United Kingdom,41
01/07/13,United Kingdom,33
01/08/13,United Kingdom,30
01/09/13,United Kingdom,46
01/10/13,United Kingdom,48
01/11/13,United Kingdom,52
01/12/13,United Kingdom,35
01/01/14,United Kingdom,40
01/02/14,United Kingdom,41
01/03/14,United Kingdom,41
01/04/14,United Kingdom,40
01/05/14,United Kingdom,36
01/06/14,United Kingdom,38
01/07/14,United Kingdom,37
01/08/14,United Kingdom,26
01/09/14,United Kingdom,40
01/10/14,United Kingdom,45
01/11/14,United Kingdom,43
01/12/14,United Kingdom,33
01/01/15,United Kingdom,37
01/02/15,United Kingdom,42
01/03/15,United Kingdom,41
01/04/15,United Kingdom,36
01/05/15,United Kingdom,25
01/06/15,United Kingdom,37
01/07/15,United Kingdom,38
01/08/15,United Kingdom,31
01/09/15,United Kingdom,41
01/10/15,United Kingdom,34
01/11/15,United Kingdom,40
01/12/15,United Kingdom,29
01/01/16,United Kingdom,40
01/02/16,United Kingdom,34
01/03/16,United Kingdom,32
01/04/16,United Kingdom,35
01/05/16,United Kingdom,27
01/06/16,United Kingdom,26
01/07/16,United Kingdom,31
01/08/16,United Kingdom,24
01/09/16,United Kingdom,36
01/10/16,United Kingdom,40
01/11/16,United Kingdom,32
01/12/16,United Kingdom,30
01/01/17,United Kingdom,36
01/02/17,United Kingdom,35
01/03/17,United Kingdom,39
01/04/17,United Kingdom,32
01/05/17,United Kingdom,32
01/06/17,United Kingdom,22
01/07/17,United Kingdom,21
01/08/17,United Kingdom,24
01/09/17,United Kingdom,37
01/10/17,United Kingdom,34
01/11/17,United Kingdom,36
01/12/17,United Kingdom,26
01/01/18,United Kingdom,37
01/02/18,United Kingdom,34
01/03/18,United Kingdom,36
01/04/18,United Kingdom,33
01/05/18,United Kingdom,34
01/06/18,United Kingdom,30
01/07/18,United Kingdom,24
01/08/18,United Kingdom,26
01/09/18,United Kingdom,33
01/10/18,United Kingdom,32
01/11/18,United Kingdom,34
01/12/18,United Kingdom,26
01/01/19,United Kingdom,31
01/02/19,United Kingdom,29
01/03/19,United Kingdom,32
01/04/19,United Kingdom,30
01/05/19,United Kingdom,26
01/06/19,United Kingdom,32
01/07/19,United Kingdom,30
01/08/19,United Kingdom,22
01/09/19,United Kingdom,35
01/10/19,United Kingdom,40
01/11/19,United Kingdom,33
01/12/19,United Kingdom,28
01/01/20,United Kingdom,38
01/02/20,United Kingdom,38
01/03/20,United Kingdom,82
01/04/20,United Kingdom,93
01/05/20,United Kingdom,74
01/06/20,United Kingdom,70
01/07/20,United Kingdom,49
01/08/20,United Kingdom,44
01/09/20,United Kingdom,56
01/10/20,United Kingdom,54
01/11/20,United Kingdom,54
01/12/20,United Kingdom,41
01/01/21,United Kingdom,100
01/02/21,United Kingdom,62
01/03/21,United Kingdom,45
01/04/21,United Kingdom,45
01/05/21,United Kingdom,38
01/06/21,United Kingdom,31
01/07/21,United Kingdom,29
01/08/21,United Kingdom,27
01/09/21,United Kingdom,38
01/10/21,United Kingdom,53
01/01/04,United States of America,75
01/02/04,United States of America,56
01/03/04,United States of America,50
01/04/04,United States of America,74
01/05/04,United States of America,46
01/06/04,United States of America,71
01/07/04,United States of America,61
01/08/04,United States of America,79
01/09/04,United States of America,77
01/10/04,United States of America,45
01/11/04,United States of America,72
01/12/04,United States of America,41
01/01/05,United States of America,60
01/02/05,United States of America,71
01/03/05,United States of America,63
01/04/05,United States of America,53
01/05/05,United States of America,50
01/06/05,United States of America,63
01/07/05,United States of America,66
01/08/05,United States of America,61
01/09/05,United States of America,59
01/10/05,United States of America,90
01/11/05,United States of America,46
01/12/05,United States of America,41
01/01/06,United States of America,67
01/02/06,United States of America,44
01/03/06,United States of America,69
01/04/06,United States of America,63
01/05/06,United States of America,55
01/06/06,United States of America,57
01/07/06,United States of America,42
01/08/06,United States of America,49
01/09/06,United States of America,52
01/10/06,United States of America,59
01/11/06,United States of America,53
01/12/06,United States of America,55
01/01/07,United States of America,54
01/02/07,United States of America,67
01/03/07,United States of America,56
01/04/07,United States of America,58
01/05/07,United States of America,59
01/06/07,United States of America,52
01/07/07,United States of America,45
01/08/07,United States of America,65
01/09/07,United States of America,73
01/10/07,United States of America,73
01/11/07,United States of America,67
01/12/07,United States of America,46
01/01/08,United States of America,63
01/02/08,United States of America,58
01/03/08,United States of America,56
01/04/08,United States of America,58
01/05/08,United States of America,56
01/06/08,United States of America,62
01/07/08,United States of America,47
01/08/08,United States of America,57
01/09/08,United States of America,60
01/10/08,United States of America,57
01/11/08,United States of America,62
01/12/08,United States of America,51
01/01/09,United States of America,56
01/02/09,United States of America,62
01/03/09,United States of America,69
01/04/09,United States of America,60
01/05/09,United States of America,55
01/06/09,United States of America,61
01/07/09,United States of America,58
01/08/09,United States of America,60
01/09/09,United States of America,79
01/10/09,United States of America,70
01/11/09,United States of America,64
01/12/09,United States of America,56
01/01/10,United States of America,83
01/02/10,United States of America,67
01/03/10,United States of America,76
01/04/10,United States of America,66
01/05/10,United States of America,69
01/06/10,United States of America,58
01/07/10,United States of America,46
01/08/10,United States of America,46
01/09/10,United States of America,60
01/10/10,United States of America,56
01/11/10,United States of America,52
01/12/10,United States of America,46
01/01/11,United States of America,64
01/02/11,United States of America,63
01/03/11,United States of America,59
01/04/11,United States of America,54
01/05/11,United States of America,56
01/06/11,United States of America,50
01/07/11,United States of America,41
01/08/11,United States of America,53
01/09/11,United States of America,65
01/10/11,United States of America,64
01/11/11,United States of America,56
01/12/11,United States of America,49
01/01/12,United States of America,60
01/02/12,United States of America,55
01/03/12,United States of America,55
01/04/12,United States of America,54
01/05/12,United States of America,50
01/06/12,United States of America,50
01/07/12,United States of America,38
01/08/12,United States of America,51
01/09/12,United States of America,57
01/10/12,United States of America,61
01/11/12,United States of America,58
01/12/12,United States of America,42
01/01/13,United States of America,61
01/02/13,United States of America,62
01/03/13,United States of America,59
01/04/13,United States of America,54
01/05/13,United States of America,49
01/06/13,United States of America,43
01/07/13,United States of America,41
01/08/13,United States of America,47
01/09/13,United States of America,66
01/10/13,United States of America,59
01/11/13,United States of America,59
01/12/13,United States of America,49
01/01/14,United States of America,59
01/02/14,United States of America,56
01/03/14,United States of America,54
01/04/14,United States of America,51
01/05/14,United States of America,49
01/06/14,United States of America,41
01/07/14,United States of America,39
01/08/14,United States of America,48
01/09/14,United States of America,60
01/10/14,United States of America,61
01/11/14,United States of America,52
01/12/14,United States of America,45
01/01/15,United States of America,60
01/02/15,United States of America,55
01/03/15,United States of America,54
01/04/15,United States of America,48
01/05/15,United States of America,51
01/06/15,United States of America,40
01/07/15,United States of America,30
01/08/15,United States of America,37
01/09/15,United States of America,55
01/10/15,United States of America,49
01/11/15,United States of America,48
01/12/15,United States of America,38
01/01/16,United States of America,38
01/02/16,United States of America,41
01/03/16,United States of America,36
01/04/16,United States of America,35
01/05/16,United States of America,37
01/06/16,United States of America,35
01/07/16,United States of America,27
01/08/16,United States of America,30
01/09/16,United States of America,35
01/10/16,United States of America,36
01/11/16,United States of America,33
01/12/16,United States of America,28
01/01/17,United States of America,35
01/02/17,United States of America,38
01/03/17,United States of America,39
01/04/17,United States of America,36
01/05/17,United States of America,32
01/06/17,United States of America,30
01/07/17,United States of America,28
01/08/17,United States of America,31
01/09/17,United States of America,37
01/10/17,United States of America,33
01/11/17,United States of America,32
01/12/17,United States of America,27
01/01/18,United States of America,33
01/02/18,United States of America,33
01/03/18,United States of America,28
01/04/18,United States of America,28
01/05/18,United States of America,30
01/06/18,United States of America,28
01/07/18,United States of America,25
01/08/18,United States of America,34
01/09/18,United States of America,31
01/10/18,United States of America,29
01/11/18,United States of America,30
01/12/18,United States of America,22
01/01/19,United States of America,30
01/02/19,United States of America,24
01/03/19,United States of America,28
01/04/19,United States of America,27
01/05/19,United States of America,26
01/06/19,United States of America,28
01/07/19,United States of America,26
01/08/19,United States of America,30
01/09/19,United States of America,30
01/10/19,United States of America,31
01/11/19,United States of America,26
01/12/19,United States of America,22
01/01/20,United States of America,31
01/02/20,United States of America,29
01/03/20,United States of America,98
01/04/20,United States of America,96
01/05/20,United States of America,68
01/06/20,United States of America,55
01/07/20,United States of America,74
01/08/20,United States of America,100
01/09/20,United States of America,83
01/10/20,United States of America,46
01/11/20,United States of America,35
01/12/20,United States of America,34
01/01/21,United States of America,34
01/02/21,United States of America,35
01/03/21,United States of America,32
01/04/21,United States of America,32
01/05/21,United States of America,28
01/06/21,United States of America,28
01/07/21,United States of America,26
01/08/21,United States of America,36
01/09/21,United States of America,32
01/10/21,United States of America,32
